SRC	Qty	Score	Excess	STR
27563KA00	1	1	9.7971	8
27563KE00	12	1	8.9536	3
27563KE00	11	1	8.7968	3
27563KE00	10	1	8.64	3
27563KE00	9	1	8.4832	3
27563KE00	8	1	8.3264	3
27563KD00	6	1	8.2384	2
27563KE00	7	1	8.1695	3
27563KD00	5	1	8.0534	2
27563KE00	6	1	8.0127	3
27563KC00	4	1	7.9872	1
27563KE00	5	1	7.8559	3
27563KC00	3	1	7.7824	1
27543KA00	2	1	7.7027	9
27563KE00	4	1	7.6991	3
33812K100	3	1	7.6855	221
27563KD00	3	1	7.6833	2
45607K000	2	1	7.5932	15
01612K000	2	1	7.5492	138
05611KE00	1	1	7.5492	15
27563KD00	4	1	7.8684	2
05350K500	18	0.999731197	1.5499	119
09513KA00	9	0.999431217	0.5076	22
77202K900	33	0.998957946	0.2484	4345
45413K000	17	0.998566249	0.7734	20
05613K000	9	0.997939153	0.7965	15
08420K000	9	0.997515015	0.6057	99
08420K000	10	0.997383634	0.6939	99
40500KA00	29	0.996843513	0.3414	6
40500KA00	28	0.996280768	0.308	6
12567KK00	16	0.996022737	0.2948	20
12567KK00	17	0.995961182	0.3176	20
08300K000	10	0.995954055	0.8934	63
05611KD00	18	0.995798611	1.6696	8
08528KA00	45	0.994697227	0.2415	20
08420K000	8	0.994425676	0.4961	99
16503KB00	21	0.994345899	0.8197	2
11902K000	7	0.994345238	5.1332	177
05613K000	8	0.994297619	0.6944	15
45423K000	6	0.994262246	0.9073	30
31815K000	18	0.994255952	0.3211	508
63602K000	7	0.994110857	0.6569	255
55889KC00	9	0.994093915	0.1737	2
55663K100	8	0.994070161	1.0431	286
77202K900	32	0.993667328	0.2193	4345
05611KD00	17	0.99333664	1.5925	8
40500KA00	27	0.993177191	0.2765	6
37402K000	7	0.993148762	1.5915	244
40500KA00	26	0.99276455	0.2513	6
01225K300	18	0.992744182	0.2007	600
05613K000	7	0.992701058	0.5977	15
08300K000	9	0.992597281	0.793	63
55578K000	6	0.991977513	7.5074	41
08528KA00	44	0.991871974	0.2154	20
08420K000	7	0.9916504	0.4107	99
09436K100	12	0.991618388	0.4239	44
05611KF00	10	0.991240919	0.5169	7
16503KB00	20	0.991169974	0.7782	2
09513KA00	8	0.99066736	0.4026	22
63365K000	8	0.990229172	0.3327	680
63602K000	6	0.990178843	0.5016	255
11902K000	6	0.98984623	4.3516	177
14547K000	4	0.989652778	0.4107	42
31815K000	17	0.989486332	0.2406	508
08528KA00	43	0.989402628	0.1954	20
40500KA00	25	0.989149413	0.2244	6
45413K000	16	0.989069526	0.7301	20
05611KD00	16	0.98901207	1.496	8
08420K000	6	0.989002753	0.3216	99
08300K000	8	0.988949836	0.6914	63
44601K000	7	0.988844947	1.0365	252
45423K000	5	0.987834528	0.6742	30
08300K000	7	0.987510549	0.5975	63
11623K000	3	0.987328042	3.175	154
05613K000	6	0.987178571	0.5234	15
19653K000	6	0.987055556	1.0047	124
06600K000	5	0.987054674	0.2116	53
44693K000	17	0.986424792	0.64	91
08528KA00	42	0.986129032	0.1808	20
40500KA00	24	0.985799689	0.1932	6
72007K000	14	0.985342813	0.1825	83
55706K000	3	0.98505291	1.7852	58
12613K000	5	0.984675926	0.1956	25
08528KA00	41	0.984064956	0.1617	20
16503KA00	3	0.984047619	8.0689	5
55578K000	5	0.983714727	6.6087	41
77202K900	31	0.983712368	0.2017	4345
12567KB00	6	0.983270503	0.5789	9
87010K400	12	0.982749598	0.1318	641
44601K000	6	0.982631827	0.7538	252
20518KA00	3	0.982585979	2.2273	2
01605K100	6	0.982440476	0.5051	168
16503KB00	18	0.982179894	0.6804	2
12567KK00	15	0.982055372	0.234	20
06475K100	11	0.981992668	0.2849	357
16503KA00	2	0.981785714	7.2852	5
40500KA00	23	0.981527203	0.1681	6
05350K500	17	0.98084248	1.5204	119
16503KB00	19	0.980767196	0.7199	2
31815K000	16	0.980271164	0.1729	508
08528KA00	40	0.980177954	0.1476	20
01980K000	3	0.980145503	4.4942	461
63602K000	5	0.980109082	0.3743	255
05611KD00	15	0.980087632	1.4178	8
08640K000	4	0.979787933	0.5992	175
05430K000	5	0.979600826	0.2333	147
01225K300	17	0.979465385	0.1632	600
08528KA00	39	0.978856819	0.1317	20
05611KC00	3	0.978664021	5.2216	33
77250K100	7	0.978664021	0.9974	737
08300K000	6	0.978655649	0.5044	63
40500KA00	22	0.978431677	0.1418	6
08527KA00	3	0.978095238	1.1272	18
40510KE00	29	0.978070675	2.311	4
08420K000	5	0.977729258	0.2122	99
34225K000	3	0.977718254	3.1832	323
45423K000	4	0.977595579	0.4266	30
53615K300	3	0.977506614	0.5558	112
44693K000	16	0.977461262	0.5466	91
72407K000	5	0.976578483	0.0997	64
09547KA10	42	0.976472149	0.3908	8
14547K000	3	0.976266923	0.2075	42
05613K000	5	0.976247354	0.417	15
44635K000	28	0.975892857	0.2417	534
52410K000	5	0.975771605	0.099	644
03817K000	6	0.974927249	0.2048	18
19653K000	5	0.974556878	0.9146	124
08420K000	4	0.974529722	0.1529	99
55578K000	4	0.974526014	5.9265	41
16503KB00	17	0.974400794	0.6417	2
72007K000	13	0.974242725	0.1085	83
63602K000	4	0.973920599	0.248	255
11902K000	5	0.973852513	3.5894	177
08528KA00	38	0.973847702	0.1138	20
55763K000	3	0.973716931	0.7001	22
40500KA00	21	0.972691372	0.1115	6
41710K000	3	0.972486772	3.6507	197
06433K000	5	0.97205896	0.182	173
05611KD00	14	0.972055225	1.3036	8
08528KA00	37	0.971987361	0.0979	20
12567KB00	5	0.97171627	0.381	9
08300K000	5	0.970773558	0.4099	63
31812K000	6	0.970340608	0.2049	188
63602K000	3	0.969350583	0.1248	255
08528KA00	36	0.969183487	0.0795	20
40500KA00	20	0.968993817	0.0925	6
19653K000	4	0.968529101	0.8029	124
44693K000	15	0.967892101	0.4582	91
55706K000	2	0.9675	1.2845	58
12567KK00	14	0.967095969	0.2343	20
01605K100	5	0.96708664	0.2491	168
08527KA00	2	0.966871693	0.8373	18
77202K900	30	0.965846345	0.1898	4345
44601K000	5	0.965734463	0.489	252
31815K000	15	0.965383598	0.1278	508
31825K000	6	0.965376984	0.2121	558
05613K000	4	0.964708995	0.3034	15
16503KB00	16	0.964609788	0.5886	2
20518KA00	2	0.964570106	1.7361	2
40840K000	19	0.964473684	7.8096	107
90376K000	17	0.964215686	0.5059	12
08528KA00	35	0.964187853	0.0625	20
55578K000	3	0.96313933	5.1862	41
55423K000	6	0.96206183	0.1198	269
05350K500	16	0.961815435	1.4265	119
06600K000	4	0.961738248	0.0137	53
11623K000	2	0.961699735	2.7515	154
05611KD00	13	0.961316964	1.2411	8
08528KA00	34	0.960981216	0.048	20
55743K000	13	0.960967894	0.2015	160
09547KA10	41	0.960737955	0.3784	8
05613K000	3	0.959726372	0.2192	15
33837K100	32	0.959353448	7.6568	98
40500KA00	19	0.959177235	0.0683	6
08460K000	3	0.959030078	0.2136	44
45423K000	3	0.958776242	0.2725	30
19601K000	3	0.958392857	3.6336	152
45413K000	15	0.958217866	0.6952	20
11902K000	4	0.957921627	2.8179	177
16503KB00	15	0.957706349	0.5641	2
44693K000	14	0.956774376	0.369	91
77250K100	6	0.956666667	0.7341	737
09537KB10	127	0.956621311	0.3746	11
31815K000	14	0.956246693	0.0701	508
19653K000	3	0.956222222	0.6793	124
40510KE00	28	0.956141351	2.2808	4
12567KA00	3	0.956117725	0.3106	16
08660K000	2	0.955882353	2.264	67
08680K000	4	0.955715198	1.5676	92
55763K000	2	0.955562169	0.3726	22
08528KA00	33	0.955151532	0.0349	20
01980K000	2	0.954742063	3.7078	461
44655K000	14	0.953243642	0.2421	522
08300K000	4	0.952987576	0.3191	63
12567KB00	4	0.95297619	0.2063	9
16503KB00	14	0.952930556	0.5049	2
09537KB10	126	0.952891939	0.3728	11
05611KF00	9	0.952588537	0.4468	7
08640K000	3	0.952398447	0.3002	175
05611KD00	12	0.952022156	1.1492	8
44635K000	27	0.951662887	0.2236	534
02813K000	11	0.951358584	1.2525	41
09547KA10	40	0.951336049	0.3625	8
16503KA00	1	0.951071429	6.4621	5
37402K000	6	0.950638549	1.4667	244
41737K100	21	0.950205026	0.0328	30
09537KB10	125	0.949281794	0.3655	11
05611KC00	2	0.948736772	4.4175	33
77202K900	29	0.948733998	0.1747	4345
55883K000	13	0.948628763	0.2209	31
40500KA00	18	0.948228244	0.0549	6
16503KB00	13	0.947156746	0.489	2
34225K000	2	0.947109788	2.7355	323
11902K000	3	0.94708664	2.1977	177
08528KA00	32	0.946510403	0.0262	20
44601K000	4	0.94638575	0.2484	252
09537KB10	124	0.945902181	0.3603	11
33837K100	31	0.945535201	7.6502	98
55706K000	1	0.944748677	0.7989	58
44693K000	13	0.944358466	0.283	91
01302K000	16	0.944101097	0.2464	176
09436K100	11	0.943793487	0.3679	44
33836K100	4	0.943710359	7.6244	78
05350K500	15	0.943576681	1.4147	119
05611KD00	11	0.943125827	1.0863	8
09513KA00	7	0.942309621	0.361	22
09537KB10	123	0.941859614	0.3587	11
01225K300	16	0.941694405	0.1368	600
08300K000	3	0.941549817	0.2276	63
41710K000	2	0.940958995	3.0429	197
09513KB00	34	0.940821385	0.879	48
63602K000	2	0.940458815	0.0399	255
06425K000	6	0.94	7.584	310
63312K000	10	0.939197345	0.2188	262
16503KB00	12	0.938884921	0.4473	2
12613K000	4	0.938801467	0.0266	25
09537KB10	122	0.938096388	0.3512	11
08300K000	2	0.93802787	0.146	63
11902K000	2	0.9375	1.4869	177
12567KK00	13	0.93747884	0.1882	20
19653K000	2	0.937162698	0.5567	124
05611KD00	10	0.937156085	1.0049	8
11693K000	3	0.936580688	0.5503	183
53615K300	2	0.936388191	0.2365	112
09547KA10	39	0.936136036	0.3504	8
31815K000	13	0.934537537	0.0218	508
09537KB10	121	0.934286275	0.3489	11
44602K000	11	0.934117192	0.101	113
45413K000	14	0.93398816	0.662	20
40510KE00	27	0.933902109	2.1362	4
44693K000	12	0.933606387	0.1945	91
77250K100	5	0.933578042	0.4521	737
31812K000	5	0.933191364	0.0487	188
55578K000	2	0.932958554	4.4799	41
55743K000	12	0.932798398	0.1669	160
55663K100	7	0.932332286	0.9009	286
01205K200	10	0.932188758	0.1315	392
05613K000	2	0.931994035	0.1517	15
33837K100	30	0.931716954	7.6436	98
12223K000	10	0.931438581	0.1748	12
16503KB00	11	0.931318783	0.408	2
09537KB10	120	0.930422906	0.3465	11
87010K400	11	0.930019724	0.0952	641
77202K900	28	0.929433386	0.1543	4345
08528KA00	31	0.929326323	0.022	20
05430K000	4	0.929181095	0.2059	147
40840K000	18	0.928947368	7.7946	107
11485K000	8	0.928348708	0.1435	374
06333K000	11	0.928091829	0.1845	196
44601K000	3	0.927966102	0.0	252
90376K000	16	0.927941176	0.4494	12
44635K000	26	0.927678571	0.2109	534
09513KB00	33	0.927314546	0.8677	48
09537KB10	119	0.92715466	0.3369	11
16503KB00	10	0.926141534	0.3743	2
03817K000	5	0.925906291	0.0299	18
05611KD00	9	0.925857308	0.9551	8
06492K000	9	0.925	0.2804	113
08527KA00	1	0.924876812	0.5879	18
08485K000	13	0.92482919	0.6534	72
09547KA10	38	0.924308378	0.336	8
40500KA00	17	0.924105723	0.0486	6
05350K500	14	0.924044941	1.3697	119
09537KB10	118	0.923769727	0.3336	11
01605K100	4	0.923434294	0.0669	168
08976K000	9	0.923335762	0.5942	27
06475K100	10	0.92283425	0.2506	357
47112K900	8	0.922240114	0.1698	4561
44693K000	11	0.922205215	0.1081	91
19653K000	1	0.920702381	0.4656	124
90882K000	8	0.9203125	0.0915	35
01707K000	17	0.920128666	0.1614	128
31825K000	5	0.920070606	0.0452	558
09537KB10	117	0.919833202	0.3316	11
10433K000	3	0.917771808	0.1387	128
33837K100	29	0.917737069	7.6371	98
05611KC00	1	0.917718254	3.6303	33
20518KA00	1	0.917559524	1.2583	2
10437KA00	3	0.917321429	2.3176	4
12567KK00	12	0.916807608	0.173	20
05611KA00	8	0.916737288	3.0E-4	27
19883K000	15	0.916567416	0.2266	24
09513KB00	32	0.916245477	0.8369	48
05611KD00	8	0.916236772	0.8689	8
45503KB00	46	0.916172933	1.9426	8
01980K000	1	0.915853175	2.9135	461
09537KB10	116	0.915847994	0.327	11
08420K000	3	0.915507613	0.0949	99
01285K200	14	0.914978157	0.1739	399
08977K000	14	0.914531477	2.1162	66
55849KC00	8	0.914259259	0.4703	11
10283K000	3	0.913743386	2.9662	193
10527KG00	3	0.913578042	0.0612	37
09547KA10	37	0.913033712	0.3197	8
55578K000	1	0.912896825	3.4823	41
16503KB00	9	0.912470238	0.3426	2
09537KB10	115	0.912302104	0.326	11
12567KB00	3	0.912268739	0.0315	9
01302K000	15	0.912091927	0.2145	176
72007K000	12	0.912046231	0.0838	83
45423K000	2	0.911943703	0.0989	30
40510KE00	26	0.91135295	2.0711	4
44693K000	10	0.91103458	0.022	91
05613K000	1	0.910928364	0.0759	15
33715K200	3	0.909887566	22.54	466
19436KC00	57	0.909681663	0.488	3
08680K000	3	0.90967433	0.7611	92
02813K000	10	0.909606264	1.1519	41
09537KB10	114	0.908442624	0.319	11
08528KA00	30	0.907481274	0.0183	20
63365K000	7	0.907391581	0.2802	680
16503KB00	8	0.906883262	0.3026	2
33735K200	3	0.906818783	0.7736	246
08300K000	1	0.906540851	0.089	63
45503KB00	45	0.906443625	1.9259	8
44655K000	13	0.905851434	0.1949	522
77250K100	4	0.905679012	0.1999	737
11623K000	1	0.90552552	2.3938	154
40500KA00	16	0.905270749	0.0443	6
01205K200	9	0.904264903	0.108	392
05611KF00	8	0.904194876	0.3986	7
09513KB00	31	0.904058748	0.8117	48
05350K500	13	0.904056757	1.3128	119
09537KB10	113	0.903829853	0.3146	11
33837K100	28	0.903757184	7.6307	98
05611KD00	7	0.903535053	0.7918	8
41737K100	20	0.903341837	0.023	30
77202K900	27	0.902567806	0.1495	4345
55889KC00	8	0.902146164	0.1078	2
55763K000	1	0.902118115	0.0857	22
01225K300	15	0.902010358	0.117	600
55743K000	11	0.901803852	0.1488	160
09537KB10	112	0.901315786	0.3115	11
37402K000	5	0.901020498	1.3165	244
09547KA10	36	0.900944488	0.3073	8
33725K200	7	0.900806878	0.3208	311
44635K000	25	0.90053458	0.1963	534
19436KC00	56	0.900361732	0.4747	3
45413K000	13	0.899759595	0.635	20
01285K300	17	0.899679194	0.1611	495
08429K000	18	0.89890112	0.3094	13
08528KA00	29	0.898255143	0.0175	20
08485K000	12	0.89734844	0.6339	72
55883K000	12	0.897257525	0.1869	31
12567KK00	11	0.897171799	0.1331	20
09537KB10	111	0.896836609	0.3089	11
45503KB00	44	0.896793529	1.911	8
27563KE00	3	0.896370968	7.6459	3
08976K000	8	0.896089179	0.5301	27
05430K000	3	0.895310321	0.1961	147
05611KD00	6	0.895137235	0.6999	8
06475K100	9	0.894805402	0.205	357
16503KB00	7	0.894750162	0.2673	2
44315K000	11	0.894479131	0.3789	543
08977K000	13	0.894422946	2.046	66
08640K000	2	0.894159633	0.0393	175
63472K000	5	0.893877551	0.0129	9
09537KB10	110	0.893507593	0.3017	11
40840K000	17	0.893421053	7.7796	107
19601K000	2	0.893392857	2.9476	152
63312K000	9	0.892588043	0.1931	262
19883K000	14	0.892419952	0.2058	24
19436KC00	55	0.89161965	0.4621	3
08987K000	6	0.891176471	7.6146	63
90376K000	15	0.891176471	0.4166	12
11485K000	7	0.891110201	0.1185	374
20518KB00	7	0.890750039	0.5063	3
34215K000	10	0.890615425	0.1618	193
09513KB00	30	0.890555245	0.7958	48
33837K100	27	0.889777299	7.6242	98
09537KB10	109	0.889768099	0.2957	11
08988K000	17	0.888515592	0.3736	166
40510KE00	25	0.888493873	2.0014	4
09547KA10	35	0.88843535	0.2894	8
40500KA00	15	0.888410193	0.0429	6
16503KB00	6	0.888224254	0.2427	2
05611KD00	5	0.887683532	0.6525	8
45503KB00	43	0.886990296	1.8756	8
31715K000	6	0.88593254	0.2326	214
08567KA00	7	0.885867074	0.7178	6
09513KA00	6	0.885748454	0.3039	22
09537KB10	108	0.885248339	0.2921	11
05350K500	12	0.885099444	1.2593	119
33836K100	3	0.885085447	7.6003	78
77202K900	26	0.884566408	0.1308	4345
19436KC00	54	0.882927926	0.4472	3
09436K100	10	0.882159156	0.291	44
09537KB10	107	0.881740901	0.2882	11
08528KA00	28	0.880189609	0.0142	20
08460K000	2	0.879650043	0.1599	44
08429K000	17	0.879537957	0.2896	13
09513KB00	29	0.878549195	0.7837	48
05611KD00	4	0.878518519	0.5704	8
01302K000	14	0.87804477	0.1748	176
09537KB10	106	0.87799042	0.2837	11
06333K000	10	0.877875029	0.1428	196
19883K000	13	0.877256159	0.1878	24
06425K000	5	0.877169811	7.5617	310
45503KB00	42	0.877166143	1.8293	8
08988K000	16	0.877022752	0.3463	166
01285K200	13	0.876947325	0.1502	399
27563KC00	2	0.876938776	7.7006	1
33837K100	26	0.875635776	7.6179	98
06601K000	2	0.875	2.264	130
11902K000	1	0.875	0.7433	177
09537KB10	105	0.874872054	0.2779	11
08420K000	2	0.87482935	0.0671	99
08457K000	17	0.874468672	0.2339	76
27563KD00	2	0.874444444	7.6239	2
09547KA10	34	0.87432141	0.2766	8
87010K400	10	0.873870283	0.0725	641
14547K000	2	0.873802972	0.0636	42
31815K000	12	0.8737635	0.0108	508
20518KB00	6	0.873559966	0.4739	3
44635K000	24	0.873464286	0.1833	534
01707K000	16	0.873230645	0.143	128
20518KC00	6	0.873181818	7.7565	2
12567KK00	10	0.872827028	0.1161	20
01225K300	14	0.872364725	0.103	600
08977K000	12	0.872098243	1.9467	66
19436KC00	53	0.872053416	0.4336	3
01655X000	4	0.871431644	0.383	432
44602K000	10	0.871150904	0.0684	113
09537KB10	104	0.870501163	0.277	11
08485K000	11	0.87004671	0.5789	72
08976K000	7	0.868710508	0.451	27
55733K000	3	0.868380282	7.5352	201
06433K000	4	0.868082952	0.129	173
45503KB00	41	0.867098851	1.7897	8
09537KB10	103	0.867066542	0.2722	11
09513KB00	28	0.867027281	0.7603	48
41737K100	19	0.866899093	0.0164	30
77202K900	25	0.865536852	0.1153	4345
55743K000	10	0.865485478	0.1236	160
05350K500	11	0.865338008	1.2044	119
01285K300	16	0.865063416	0.1229	495
40510KE00	24	0.865014962	1.8593	4
63702K000	4	0.865	0.1128	354
16503KB00	5	0.864911008	0.2033	2
12223K000	9	0.864367582	0.1213	12
45413K000	12	0.864349551	0.6043	20
08528KA00	27	0.863674785	0.0117	20
09547KA10	33	0.863327137	0.2612	8
02813K000	9	0.863295897	1.0464	41
19713K000	11	0.863172214	0.3433	45
43057KC00	8	0.862962963	7.8922	15
55663K100	6	0.862910831	0.8035	286
09537KB10	102	0.862812914	0.2632	11
40500KA00	14	0.862439362	0.0365	6
19436KC00	52	0.862192231	0.4227	3
87312K900	12	0.861837074	0.2173	4291
08457K000	16	0.861628107	0.2203	76
33837K100	25	0.861494253	7.6117	98
05611KD00	3	0.861422743	0.5036	8
01205K200	8	0.860028243	0.0835	392
11693K000	2	0.85967419	0.0843	183
55606K000	5	0.859177161	0.1503	52
43547KA00	26	0.859023039	1.0683	7
09537KB10	101	0.858932996	0.2603	11
01623K000	5	0.858911071	0.3688	65
08429K000	16	0.85872712	0.2568	13
05631KA00	15	0.858255452	0.5601	25
40840K000	16	0.857894737	7.7646	107
45503KB00	40	0.857494517	1.7581	8
08988K000	15	0.857486405	0.3211	166
06475K100	8	0.857447708	0.1763	357
44655K000	12	0.856956976	0.1416	522
20518KB00	5	0.855947105	0.4167	3
05430K000	2	0.855940287	0.1928	147
19883K000	12	0.85570502	0.1671	24
05611KF00	7	0.855203966	0.3281	7
09537KB10	100	0.854500923	0.2601	11
63602K000	1	0.854261456	0.021	255
19436KC00	51	0.853754492	0.4119	3
90376K000	14	0.853431373	0.3879	12
09513KB00	27	0.85308419	0.7416	48
11485K000	6	0.85304549	0.0844	374
08977K000	11	0.852614455	1.8181	66
37402K000	4	0.851367822	1.2546	244
16503KB00	4	0.851203027	0.1902	2
09537KB10	99	0.851145422	0.2531	11
06492K000	8	0.85	0.2264	113
09537KB10	98	0.84833352	0.2483	11
05340K000	16	0.848256089	0.4385	154
40500KA00	13	0.847950653	0.0317	6
09547KA10	32	0.847879059	0.2454	8
05611KD00	2	0.847636935	0.4304	8
45503KB00	39	0.847487784	1.7161	8
08528KA00	26	0.847356221	0.0095	20
33837K100	24	0.847191092	7.6055	98
08480K000	13	0.846847396	0.5558	70
44635K000	23	0.846294785	0.1685	534
77202K900	24	0.845817371	0.1113	4345
55883K000	11	0.845234114	0.1543	31
72007K000	11	0.845033585	0.065	83
09537KB10	97	0.844223585	0.2423	11
05350K500	10	0.844124963	1.1797	119
19436KC00	50	0.843346022	0.4033	3
08976K000	6	0.843141474	0.4074	27
12567KK00	9	0.842903028	0.0972	20
10567KG00	8	0.841997808	7.6874	21
19713K000	10	0.84183187	0.3193	45
47112K900	7	0.841711797	0.1181	4561
08457K000	15	0.841700473	0.2009	76
09513KB00	26	0.841586505	0.7143	48
40510KE00	23	0.84153605	1.8189	4
55889KE00	6	0.841129642	0.0475	6
10473K200	5	0.840902846	0.0566	241
33715K200	2	0.840800265	22.5246	466
08988K000	14	0.840253141	0.285	166
09537KB10	96	0.840066164	0.2364	11
41736K100	5	0.840033069	0.1487	96
12623K000	2	0.839956727	7.6146	22
34215K000	9	0.839561846	0.1272	193
01205K200	7	0.839252883	0.07	392
44315K000	10	0.839195373	0.3042	543
05340K000	15	0.839123488	0.4223	154
03443K000	5	0.839077364	0.2267	149
08429K000	15	0.838903001	0.2387	13
43547KA00	25	0.83884458	1.0052	7
55889KD00	6	0.838358478	0.0506	13
90882K000	7	0.83828125	0.0488	35
05611KD00	1	0.838214273	0.3575	8
08485K000	10	0.838158597	0.521	72
45503KB00	38	0.837565655	1.7138	8
20518KB00	4	0.837243268	0.3909	3
12423K000	4	0.836363636	0.043	12
09537KB10	95	0.836323594	0.2289	11
19883K000	11	0.835753759	0.1502	24
63312K000	8	0.835676981	0.1428	262
55423K000	5	0.835244229	0.0622	269
09547KA10	31	0.834870365	0.2282	8
12413K000	9	0.834602782	0.4214	16
06615K000	4	0.834210526	0.0323	476
27773K000	28	0.834120935	7.6547	2
55743K000	9	0.833967949	0.0982	160
30815K300	4	0.833189655	0.1723	184
01225K300	13	0.83312069	0.0862	600
33837K100	23	0.832887931	7.5994	98
19436KC00	49	0.832855829	0.3852	3
09537KB10	94	0.832575128	0.2274	11
01302K000	13	0.832278358	0.1428	176
09513KA00	5	0.831818958	0.2552	22
63365K000	6	0.831524702	0.2192	680
10504KD00	3	0.83125	9.7693	33
10283K000	2	0.83119709	2.264	193
01707K000	15	0.830907497	0.1198	128
08977K000	10	0.830339357	1.7102	66
27583KA00	6	0.829935065	7.6728	4
09436K100	9	0.829070742	0.2401	44
33735K200	2	0.828981481	0.0023	246
41750K000	2	0.828942622	0.561	32
08528KA00	25	0.828937035	0.0068	20
08988K000	13	0.828383224	0.2575	166
01285K200	12	0.828171544	0.1234	399
08457K000	14	0.827893925	0.1843	76
09513KB00	25	0.827712581	0.6975	48
63426K000	2	0.827625927	0.6052	67
45503KB00	37	0.827614993	1.6915	8
08567KA00	6	0.827540107	0.6338	6
41737K100	18	0.827291194	0.008	30
09537KB10	93	0.827247159	0.2249	11
05435K000	12	0.826915155	0.4726	145
08978K000	14	0.826666667	2.1904	46
08680K000	2	0.82646871	0.0	92
87312K900	11	0.826400701	0.1822	4291
33836K100	2	0.82589852	7.5791	78
05350K500	9	0.825192043	1.1214	119
01285K300	15	0.824524268	0.101	495
05340K000	14	0.824516713	0.396	154
45413K000	11	0.824500106	0.5881	20
55849KC00	7	0.824424603	0.3459	11
09547KA10	30	0.824206008	0.2229	8
09537KB10	92	0.823979878	0.2155	11
12567KK00	8	0.823921984	0.0717	20
19436KC00	48	0.823763099	0.3744	3
77202K900	23	0.823334084	0.1012	4345
40500KA00	12	0.823151527	0.0281	6
40840K000	15	0.822368421	7.7496	107
05631KA00	14	0.821767913	0.5148	25
19886K000	4	0.820875476	0.1563	36
19713K000	9	0.820725677	0.2952	45
09537KB10	91	0.820588336	0.2116	11
08976K000	5	0.820386643	0.3427	27
44693K000	9	0.820062358	0.0107	91
05413K000	15	0.820041117	2.4983	53
43547KA00	24	0.819293651	0.9611	7
41750K000	1	0.819279333	0.5575	32
08480K000	12	0.819080695	0.5097	70
44635K000	22	0.818898526	0.1529	534
12567KA00	2	0.818701565	0.032	16
33837K100	22	0.818423132	7.5935	98
40510KE00	22	0.818057139	1.7127	4
05430K000	1	0.81779205	0.1764	147
31815K000	11	0.817759631	0.0041	508
02813K000	8	0.817710994	0.9543	41
45503KB00	36	0.817622475	1.6209	8
09513KB00	24	0.817568669	0.684	48
09537KB10	90	0.817344451	0.2069	11
06333K000	9	0.817032116	0.1027	196
27773K000	27	0.816590399	7.6452	2
55508KA00	34	0.816267784	0.184	21
19883K000	10	0.815970199	0.1242	24
10567KG00	7	0.815825755	7.6545	21
90376K000	13	0.815686275	0.3429	12
16503KB00	3	0.814929005	0.1719	2
08528KA00	24	0.814782696	0.0055	20
08460K000	1	0.814682666	0.1246	44
63426K000	1	0.814448521	0.5865	67
06425K000	4	0.814339623	7.5395	310
08485K000	9	0.813297697	0.4801	72
08420K000	1	0.813184845	0.0477	99
08453K000	3	0.8131756	0.4177	65
08429K000	14	0.813113057	0.2154	13
05435K000	11	0.812951356	0.4499	145
19436KC00	47	0.812755271	0.3613	3
40820K000	4	0.8125	0.1809	22
55606K000	4	0.812473088	0.1056	52
20518KB00	3	0.812376677	0.3413	3
09537KB10	89	0.812106252	0.2034	11
05340K000	13	0.811875947	0.3987	154
05611KF00	6	0.811661004	0.2932	7
10598KB00	7	0.81150821	0.3649	28
06475K100	7	0.811464111	0.1302	357
08977K000	9	0.811134904	1.5523	66
08457K000	13	0.810674813	0.1694	76
09547KA10	29	0.810580303	0.2037	8
12413K000	8	0.810511262	0.3888	16
08978K000	13	0.810053362	2.0578	46
55508KA00	33	0.809767644	0.1716	21
40500KA00	11	0.809455263	0.0254	6
08430K000	4	0.809396903	0.0336	21
55663K100	5	0.808778185	0.6306	286
08988K000	12	0.808727135	0.2242	166
09537KB10	88	0.80865639	0.2031	11
08473K000	4	0.807992454	0.2876	90
20518KC00	5	0.807878788	7.7152	2
45503KB00	35	0.807546039	1.5843	8
44602K000	9	0.807148179	0.031	113
87010K400	9	0.806992861	0.0513	641
34205K000	4	0.805813492	0.0526	259
09513KB00	23	0.805150617	0.664	48
03313K000	19	0.804788365	0.3562	97
09537KB10	87	0.804787242	0.1972	11
19436KC00	46	0.804453292	0.3557	3
05350K500	8	0.804235989	1.083	119
33837K100	21	0.803958333	7.5875	98
05435K000	10	0.803733874	0.4358	145
55508KA00	32	0.803294477	0.1732	21
77202K900	22	0.802270446	0.0792	4345
44655K000	11	0.80155841	0.0911	522
09537KB10	86	0.80067474	0.1906	11
05413K000	14	0.800474578	2.4008	53
40793K000	5	0.8	0.0	73
55889KC00	7	0.799247757	0.048	2
19713K000	8	0.799213391	0.2753	45
45413K000	10	0.799198878	0.5464	20
11485K000	5	0.799184844	0.0549	374
43547KA00	23	0.798944747	0.9095	7
27773K000	26	0.798836922	7.6358	2
01225K300	12	0.798742192	0.0748	600
01302K000	12	0.7981844	0.106	176
41710K000	1	0.797772011	2.3056	197
09537KB10	85	0.797601764	0.1803	11
45503KB00	34	0.797384454	1.5649	8
55508KA00	31	0.796878082	0.1558	21
77250K100	3	0.796393933	0.0	737
09547KA10	28	0.796321941	0.1901	8
05340K000	12	0.795643738	0.3524	154
08528KA00	23	0.795499794	0.0034	20
08457K000	12	0.795433508	0.1514	76
08978K000	12	0.795108571	1.8945	46
40510KE00	21	0.794578227	1.6189	4
12613K000	3	0.794535043	0.0021	25
55743K000	8	0.794075557	0.0784	160
19436KC00	45	0.794007649	0.34	3
09537KB10	84	0.793765561	0.1722	11
08988K000	11	0.79353603	0.1962	166
03396K000	2	0.793343137	0.2705	69
55883K000	10	0.793210702	0.1214	31
19883K000	9	0.792852448	0.1085	24
43057KC00	7	0.792592593	7.8202	15
09513KB00	22	0.792561549	0.651	48
44635K000	21	0.791818783	0.1329	534
08480K000	11	0.791480294	0.4833	70
01205K200	6	0.790701789	0.0566	392
08429K000	13	0.790522508	0.1928	13
55508KA00	30	0.790450369	0.151	21
27543KA00	1	0.79	7.5979	9
20518KB00	2	0.789902465	0.3032	3
11432K000	3	0.789634602	0.2205	130
34215K000	8	0.78955284	0.0919	193
09537KB10	83	0.789521071	0.171	11
33837K100	20	0.789331897	7.5817	98
37402K000	3	0.78928577	1.0898	244
27563KE00	2	0.789112903	7.5963	3
34225K000	1	0.788783069	2.3333	323
12567KK00	7	0.788772966	0.052	20
03313K000	18	0.788678183	0.3235	97
08977K000	8	0.788489209	1.4456	66
10598KB00	6	0.788186306	0.3388	28
33725K200	6	0.787969577	0.2333	311
05435K000	9	0.787871944	0.4123	145
05340K000	11	0.787795201	0.354	154
12413K000	7	0.787607676	0.3789	16
45503KB00	33	0.787378584	1.534	8
16503KB00	2	0.787223816	0.1617	2
40840K000	14	0.786842105	7.7346	107
72407K000	4	0.786539903	0.0422	64
33812K100	2	0.786363636	7.59	221
05611KA00	7	0.786054322	0.0	27
30702K000	6	0.785947205	0.0057	93
12223K000	8	0.785513102	0.0833	12
10567KG00	6	0.785074627	7.6298	21
40500KA00	10	0.784976013	0.0206	6
52410K000	4	0.784793871	0.0422	644
05350K500	7	0.784748213	1.0504	119
09537KB10	82	0.784601166	0.1656	11
05631KA00	13	0.784579439	0.4426	25
19436KA00	34	0.784243967	0.2997	2
08485K000	8	0.783908311	0.4549	72
19436KC00	44	0.78348064	0.3265	3
55508KA00	29	0.783170919	0.1398	21
01707K000	14	0.782736885	0.1	128
33712K200	4	0.78252595	0.0595	113
44315K000	9	0.782457081	0.2503	543
09547KA10	27	0.782040168	0.1767	8
03443K000	4	0.781810473	0.1772	149
09537KB10	81	0.78166822	0.1572	11
55433K000	2	0.78125	0.0883	266
27773K000	25	0.781096913	7.6265	2
01285K200	11	0.780909808	0.1025	399
08976K000	4	0.780769231	0.296	27
63312K000	7	0.780707815	0.1093	262
01285K300	14	0.780469156	0.0806	495
05413K000	13	0.779542045	2.3488	53
77202K900	21	0.779062952	0.0576	4345
43547KA00	22	0.778832016	0.8618	7
19402K000	4	0.778469498	0.2633	103
63302K000	2	0.778273614	0.3518	250
90376K000	12	0.777941176	0.3078	12
09537KB10	80	0.777865297	0.1543	11
19713K000	7	0.777838125	0.2474	45
55508KA00	28	0.777819101	0.141	21
09513KB00	21	0.777769143	0.6223	48
08457K000	11	0.777585955	0.1427	76
05435K000	8	0.777494729	0.3994	145
45503KB00	32	0.777154534	1.4949	8
08528KA00	22	0.77663001	0.0015	20
72007K000	10	0.776610497	0.047	83
08453K000	2	0.776092932	0.4245	65
06433K000	3	0.776061367	0.0853	173
01612K000	1	0.775574128	7.5082	138
10579KA00	11	0.775048481	7.5954	19
01808G200	3	0.775	0.0	186
19436KB00	74	0.774812609	0.2443	6
33837K100	19	0.77470546	7.5759	98
41737K100	17	0.774325953	0.0065	30
09537KB10	79	0.774243903	0.1465	11
09513KA00	4	0.774232565	0.1838	22
19436KC00	43	0.773338515	0.3175	3
05340K000	10	0.773142802	0.3368	154
08988K000	10	0.773037506	0.1772	166
08978K000	11	0.772917903	1.8305	46
19436KA00	33	0.772527033	0.2863	2
19601K000	1	0.772177966	2.2704	152
03313K000	17	0.771994329	0.3108	97
40510KE00	20	0.771099316	1.5224	4
09537KB10	78	0.770985505	0.1378	11
08977K000	7	0.770477368	1.3179	66
27583KA00	5	0.77038961	7.6393	4
55508KA00	27	0.770290437	0.1231	21
09547KA10	26	0.770209845	0.1546	8
06475K100	6	0.769798086	0.0913	357
19436KB00	73	0.76948881	0.2372	6
08567KA00	5	0.76921314	0.5083	6
27473K000	8	0.769201359	7.685	2
45413K000	9	0.769158351	0.522	20
47112K900	6	0.768422028	0.073	4561
08429K000	12	0.768245175	0.1611	13
19883K000	8	0.767755341	0.0827	24
40500KA00	9	0.767607123	0.018	6
20518KB00	1	0.767024914	0.2611	3
19476K000	8	0.76695767	0.3859	61
45503KB00	31	0.76686869	1.4566	8
09537KB10	77	0.766825451	0.1361	11
87312K900	10	0.766125054	0.1402	4291
33836K100	1	0.766072058	7.5589	78
12413K000	6	0.765529758	0.3413	16
09436K100	8	0.765349735	0.2054	44
09513KB00	20	0.765288352	0.6099	48
77202K900	20	0.765275831	0.0446	4345
63472K000	4	0.765102041	0.0	9
44635K000	20	0.764517007	0.1177	534
06492K000	7	0.764285714	0.1771	113
55508KA00	26	0.764157495	0.1208	21
08480K000	10	0.7641034	0.4565	70
05435K000	7	0.763870617	0.3842	145
19436KC00	42	0.763639485	0.3028	3
27773K000	24	0.763218018	7.6174	2
19436KB00	72	0.763205108	0.2281	6
08987K000	5	0.762941176	7.6146	63
02813K000	7	0.762858433	0.8135	41
09537KB10	76	0.762798384	0.1257	11
19463K000	26	0.761087854	0.4569	161
45423K000	1	0.761070627	0.0478	30
05350K500	6	0.761052273	0.9995	119
03817K000	4	0.760488095	0.0158	18
08457K000	10	0.760476253	0.1276	76
33837K100	18	0.760079023	7.5701	98
06333K000	8	0.760003289	0.0686	196
05340K000	9	0.759739199	0.2906	154
08528KA00	21	0.759603091	5.0E-4	20
19436KA00	32	0.759472294	0.2732	2
09537KB10	75	0.759391412	0.1172	11
09547KA10	25	0.759356589	0.1442	8
55606K000	3	0.759125252	0.0705	52
11485K000	4	0.759009983	0.0431	374
55743K000	7	0.758276103	0.056	160
16503KB00	1	0.758068307	0.1462	2
19463K000	25	0.757936617	0.4521	161
05413K000	12	0.757894615	2.2438	53
43547KA00	21	0.757617466	0.8237	7
55633K100	4	0.757510676	7.5806	156
31812K000	4	0.757386604	0.0125	188
31815K000	10	0.757236128	0.0031	508
19436KB00	71	0.75720187	0.2237	6
05611KF00	5	0.757108242	0.2268	7
08978K000	10	0.756721311	1.6956	46
01225K300	11	0.756580628	0.0602	600
45503KB00	30	0.756478433	1.4314	8
19713K000	6	0.756141449	0.2382	45
55508KA00	25	0.756036429	0.1055	21
03313K000	16	0.755979119	0.2829	97
10579KA00	10	0.755547027	7.5871	19
10579KE00	45	0.755300339	7.3078	34
08485K000	7	0.755248042	0.4034	72
09513KB00	19	0.75512632	0.584	48
09537KB10	74	0.754918607	0.1139	11
63365K000	5	0.754322356	0.1751	680
12567KK00	6	0.753700251	0.0305	20
19463K000	24	0.753565919	0.4403	161
19436KC00	41	0.753501788	0.2953	3
19476K000	7	0.753464825	0.3669	61
05435K000	6	0.752993912	0.3706	145
08988K000	9	0.752106157	0.1452	166
19436KB00	70	0.751872451	0.2152	6
44655K000	10	0.751514782	0.04	522
12567KE00	31	0.751472136	0.4781	21
14386K000	3	0.751347546	0.3159	26
40840K000	13	0.751315789	7.7196	107
09537KB10	73	0.751292735	0.108	11
40500KA00	8	0.750804603	0.0155	6
01302K000	11	0.750674863	0.0893	176
10579KE00	44	0.750216027	7.2305	34
30705K200	5	0.75	0.0114	279
10237KC00	3	0.75	0.0	2
19463K000	23	0.749984665	0.4327	161
27583KC00	2	0.749971158	7.6266	3
08473K000	3	0.749373871	0.2019	90
10233K000	1	0.749348923	0.0241	143
08976K000	3	0.749283201	0.2388	27
55508KA00	24	0.748741882	0.0969	21
06425K000	3	0.748679245	7.52	310
09547KA10	24	0.748490219	0.1217	8
27563KC00	1	0.747755102	7.6249	1
33857K100	3	0.747659171	0.0865	131
05631KA00	12	0.747318214	0.3952	25
08977K000	6	0.74729805	1.2061	66
10567KG00	5	0.747223919	7.6068	21
09537KB10	72	0.747159264	0.1021	11
05340K000	8	0.747090159	0.2808	154
31715K000	5	0.747056878	0.146	214
19436KA00	31	0.746503736	0.2569	2
45503KB00	29	0.746498242	1.3837	8
19463K000	22	0.746203114	0.4243	161
10598KB00	5	0.745897065	0.3055	28
19436KB00	69	0.745837246	0.2088	6
03396K000	1	0.745584347	0.2356	69
33837K100	17	0.745290948	7.5644	98
27773K000	23	0.745266138	7.6083	2
10579KE00	43	0.745006025	7.2121	34
05402K000	7	0.744803914	0.1551	126
08429K000	11	0.744576561	0.1466	13
37402K000	2	0.743942021	0.9789	244
40510KE00	19	0.743673036	1.4003	4
09537KB10	71	0.743346505	0.0939	11
27563KD00	1	0.743333333	7.5699	2
19463K000	21	0.743279266	0.422	161
87010K400	8	0.743215751	0.0305	641
19883K000	7	0.743158438	0.0813	24
08457K000	9	0.74312906	0.1053	76
19436KC00	40	0.743105244	0.2815	3
03443K000	3	0.743028668	0.1312	149
12413K000	5	0.742942873	0.2984	16
12567KE00	30	0.742856033	0.475	21
55849KC00	6	0.742797619	0.2482	11
08528KA00	20	0.742104122	1.0E-4	20
01205K200	5	0.7420119	0.0385	392
20518KC00	4	0.741818182	7.666	2
55508KA00	23	0.741785959	0.0929	21
55883K000	9	0.741187291	0.0914	31
77202K900	19	0.740717509	0.0423	4345
90882K000	6	0.740637601	0.0161	35
03313K000	15	0.740344918	0.2478	97
09513KB00	18	0.740107788	0.5578	48
05435K000	5	0.740083842	0.3502	145
19463K000	20	0.740016497	0.4219	161
19886K000	3	0.739927257	0.0942	36
10579KE00	42	0.739834701	7.0556	34
19436KB00	68	0.739500703	0.2007	6
09537KB10	70	0.739471909	0.0866	11
05350K500	5	0.738602721	0.9557	119
14373K000	4	0.738161018	0.4237	27
19476K000	6	0.73795665	0.3341	61
05413K000	11	0.737876696	2.1397	53
09632K100	4	0.737868852	7.5481	65
08480K000	9	0.737486592	0.3992	70
01285K300	13	0.73734564	0.0618	495
08978K000	9	0.737250554	1.5972	46
44635K000	19	0.737042328	0.1084	534
01707K000	13	0.736970889	0.0819	128
43547KA00	20	0.736669473	0.7731	7
14547K000	1	0.736664774	0.0307	42
19463K000	19	0.736329265	0.4058	161
45503KB00	28	0.736057362	1.3698	8
09537KB10	69	0.735867384	0.0815	11
10579KA00	9	0.735839528	7.5789	19
55508KA00	22	0.735180342	0.0815	21
12567KE00	29	0.734795679	0.4635	21
10579KE00	41	0.734672542	6.9984	34
19713K000	5	0.734487392	0.2325	45
44693K000	8	0.73438681	0.0	91
19436KB00	67	0.73396861	0.1916	6
10557KC00	204	0.733952342	0.8765	15
90376K000	11	0.733946078	0.2688	12
19436KC00	39	0.733911604	0.2701	3
05340K000	7	0.733900671	0.2594	154
01285K200	10	0.733886041	0.0793	399
09547KA10	23	0.733681727	0.1071	8
06600K000	3	0.733518793	0.0029	53
08988K000	8	0.733473235	0.1299	166
19436KA00	30	0.733119512	0.2469	2
08453K000	1	0.732892987	0.3835	65
19463K000	18	0.732674526	0.4065	161
10557KC00	203	0.732658986	0.8729	15
55733K000	2	0.732535211	7.5097	201
01623K000	4	0.732510233	0.263	65
31825K000	4	0.732399398	0.0125	558
10557KC00	202	0.731411014	0.8675	15
55633K100	3	0.731350863	7.5704	156
27583KC00	1	0.731032531	7.6162	3
55663K100	4	0.730926415	0.5521	286
63312K000	6	0.73085767	0.062	262
09537KB10	68	0.730564552	0.0746	11
33837K100	16	0.730502874	7.5588	98
45413K000	8	0.730374165	0.4926	20
10557KC00	201	0.729971778	0.8702	15
09513KB00	17	0.729817198	0.54	48
55423K000	4	0.729582905	0.0382	269
63302K000	1	0.729556535	0.3241	250
10579KE00	40	0.7294995	6.7632	34
19463K000	17	0.729464905	0.3951	161
44315K000	8	0.728824932	0.1861	543
10557KC00	200	0.728689236	0.8682	15
12567KE00	28	0.728416597	0.446	21
19436KB00	66	0.728204001	0.1869	6
08977K000	5	0.728199122	1.1087	66
05435K000	4	0.727847862	0.3418	145
10557KC00	199	0.727373574	0.8634	15
41737K100	16	0.727341437	0.0022	30
09537KB10	67	0.727149892	0.0697	11
27773K000	22	0.727051096	7.5994	2
34215K000	7	0.726883398	0.0544	193
10557KC00	198	0.726085416	0.865	15
55508KA00	21	0.726011919	0.0689	21
40500KA00	7	0.725919336	0.0109	6
10557KB00	67	0.725906557	0.6419	2
03313K000	14	0.725417457	0.2237	97
45503KB00	27	0.725300686	1.3157	8
14373K000	3	0.724994303	0.4133	27
19463K000	16	0.724912467	0.3917	161
10557KC00	197	0.72476971	0.8565	15
01655X000	3	0.724528796	0.2946	432
06465K100	9	0.724287174	0.1748	319
10579KE00	39	0.724276836	6.779	34
08429K000	10	0.72412645	0.1135	13
08528KA00	19	0.723771453	0.0	20
08485K000	6	0.723672968	0.3513	72
10557KC00	196	0.723437712	0.8552	15
11485K000	3	0.723277703	0.0384	374
08457K000	8	0.723178805	0.0987	76
19436KC00	38	0.722871324	0.256	3
05473K000	9	0.722402597	1.0202	182
44602K000	8	0.722401489	0.0238	113
10557KC00	195	0.722165694	0.8539	15
09537KB10	66	0.72199955	0.0607	11
19402K000	3	0.721959128	0.1963	103
19436KB00	65	0.72187945	0.1787	6
05340K000	6	0.721765133	0.2271	154
19883K000	6	0.72160188	0.0722	24
19463K000	15	0.721076022	0.3848	161
19476K000	5	0.721038185	0.3176	61
10557KC00	194	0.720860896	0.8546	15
10557KB00	66	0.720815794	0.6449	2
55508KA00	20	0.719967932	0.0647	21
19436KA00	29	0.719889453	0.23	2
55643K200	6	0.719878361	0.6581	161
12567KB00	2	0.719569812	0.0137	9
10598KB00	4	0.719547587	0.2538	28
10557KC00	193	0.719512727	0.8551	15
12567KE00	27	0.71938489	0.4363	21
10579KE00	38	0.719032495	6.7621	34
12413K000	4	0.718801914	0.2713	16
09547KA10	22	0.718691857	0.0908	8
43057KC00	6	0.718518519	7.7518	15
19463K000	14	0.718390578	0.3799	161
10557KC00	192	0.718229521	0.8465	15
09537KB10	65	0.71807046	0.0548	11
07815K100	3	0.717797619	0.0196	816
08978K000	8	0.717783133	1.5228	46
01225K300	10	0.717775521	0.0487	600
10557KC00	191	0.716903158	0.8406	15
05413K000	10	0.716758446	1.9994	53
09513KB00	16	0.716746434	0.5111	48
19436KB00	64	0.716342892	0.1714	6
40510KE00	18	0.716246756	1.3694	4
10579KA00	8	0.715925986	7.571	19
40840K000	12	0.715789474	7.7046	107
05350K500	4	0.715678923	0.8783	119
10557KC00	190	0.715643099	0.8419	15
10557KB00	65	0.715588497	0.6352	2
33837K100	15	0.715553161	7.5533	98
43547KA00	19	0.715544384	0.7024	7
45503KB00	26	0.715493398	1.2911	8
55743K000	6	0.715378886	0.0389	160
02813K000	6	0.715253632	0.685	41
19463K000	13	0.714738058	0.3739	161
10557KC00	189	0.71430187	0.8422	15
10579KE00	37	0.713797504	6.6105	34
12567KK00	5	0.713771301	0.0272	20
09537KB10	64	0.713235983	0.0488	11
10557KC00	188	0.712907668	0.8365	15
05435K000	3	0.712814055	0.3083	145
19713K000	4	0.712656005	0.2242	45
19436KC00	37	0.7126167	0.2463	3
01205K200	4	0.712086453	0.0303	392
40500KA00	6	0.71188085	0.009	6
10557KC00	187	0.711625285	0.8333	15
12567KE00	26	0.711593558	0.431	21
08480K000	8	0.711443705	0.3543	70
63702K000	3	0.71125	0.0801	354
14373K000	2	0.711005306	0.405	27
77202K900	18	0.710823854	0.0298	4345
19463K000	12	0.710740529	0.3657	161
44635K000	18	0.710573885	0.0916	534
10557KB00	64	0.710513551	0.626	2
08976K000	2	0.710286928	0.2149	27
10557KC00	186	0.710284567	0.8371	15
55508KA00	19	0.710282704	0.0584	21
05631KA00	11	0.710192572	0.3368	25
27583KA00	4	0.71012987	7.6065	4
19436KB00	63	0.710127684	0.1634	6
01302K000	10	0.710106189	0.0673	176
03313K000	13	0.709967118	0.2053	97
55606K000	2	0.709415491	0.0565	52
87312K900	9	0.709273618	0.1011	4291
27473K000	7	0.709048428	7.6457	2
08567KA00	4	0.708995416	0.4241	6
10557KC00	185	0.70897031	0.8272	15
08988K000	7	0.708748962	0.0973	166
27773K000	21	0.708694525	7.5908	2
10579KE00	36	0.708560375	6.5789	34
08977K000	4	0.708485456	0.9888	66
09513KA00	3	0.70831629	0.1335	22
72007K000	9	0.708069956	0.0301	83
10567KG00	4	0.708065255	7.585	21
10557KC00	184	0.707656008	0.8298	15
05340K000	5	0.707636859	0.1973	154
19463K000	11	0.707281036	0.3695	161
19476K000	4	0.707249034	0.29	61
19436KA00	28	0.707173681	0.2167	2
09537KB10	63	0.70697795	0.0429	11
10557KC00	183	0.706299763	0.8215	15
12223K000	7	0.705650606	0.0501	12
05402K000	6	0.705399352	0.1173	126
10557KB00	63	0.705358684	0.6145	2
55633K100	2	0.705280412	7.5602	156
14386K000	2	0.705159211	0.2775	26
10557KC00	182	0.705032539	0.8233	15
09547KA10	21	0.704975591	0.0673	8
45503KB00	25	0.704514743	1.2595	8
19436KB00	62	0.704250539	0.1556	6
08528KA00	18	0.704080727	0.0	20
19463K000	10	0.704043341	0.3656	161
10557KC00	181	0.703650255	0.8178	15
12567KE00	25	0.70338875	0.4253	21
10579KE00	35	0.703326228	6.5244	34
09513KB00	15	0.703163413	0.5116	48
09537KB10	62	0.703020548	0.0395	11
19436KC00	36	0.70260255	0.2309	3
08457K000	7	0.702425528	0.0713	76
10557KC00	180	0.702320354	0.8171	15
10557KA00	22	0.702252049	0.4205	29
55508KA00	18	0.702207128	0.0507	21
08429K000	9	0.701747244	0.0966	13
10557KC00	179	0.701031673	0.8145	15
05435K000	2	0.70090436	0.2998	145
33837K100	14	0.700603448	7.5478	98
19883K000	5	0.700415409	0.0631	24
10557KB00	62	0.699998763	0.6017	2
19463K000	9	0.699968477	0.3664	161
10557KC00	178	0.699691365	0.8138	15
19436KB00	61	0.698970364	0.1448	6
10557KC00	177	0.698356336	0.8107	15
14373K000	1	0.698345292	0.4109	27
10579KE00	34	0.698120417	6.3583	34
03433K000	8	0.697967599	7.5091	100
09436K100	7	0.697410302	0.1329	44
06475K100	5	0.697332694	0.0589	357
03323K000	5	0.697207892	0.0351	71
10557KC00	176	0.697057072	0.8094	15
19463K000	8	0.69650253	0.3666	161
10598KA00	4	0.696331818	0.3994	28
05340K000	4	0.696207609	0.1776	154
10579KA00	7	0.696012443	7.5631	19
12567KE00	24	0.695777805	0.4061	21
10557KC00	175	0.69573731	0.806	15
05611KF00	4	0.695373697	0.1932	7
03313K000	12	0.695324268	0.1914	97
43547KA00	18	0.695231433	0.6566	7
12413K000	3	0.695155065	0.2325	16
10557KB00	61	0.694856288	0.5956	2
05413K000	9	0.694854055	1.9289	53
09537KB10	61	0.694739564	0.0348	11
10557KC00	174	0.694387067	0.8031	15
45503KB00	24	0.694011743	1.2116	8
19436KA00	27	0.693954453	0.2002	2
01285K300	12	0.693868202	0.0471	495
03492K000	3	0.693815276	0.1672	74
55508KA00	17	0.693536978	0.0434	21
08485K000	5	0.69347446	0.3149	72
10557KC00	173	0.693097695	0.8	15
10579KE00	33	0.692827872	6.2824	34
45413K000	7	0.69282754	0.4689	20
19436KB00	60	0.692716923	0.1392	6
19463K000	7	0.692651943	0.3646	161
37402K000	1	0.692303751	0.9113	244
19436KC00	35	0.691998427	0.2164	3
10557KC00	172	0.691767708	0.8008	15
08978K000	7	0.691683835	1.3779	46
55889KD00	5	0.691429507	0.009	13
06333K000	7	0.69141735	0.0359	196
05350K500	3	0.690882756	0.8614	119
09537KB10	60	0.690840509	0.032	11
10557KC00	171	0.690447847	0.801	15
05473K000	8	0.690422078	0.9446	182
27773K000	20	0.690393668	7.5821	2
19713K000	3	0.690268331	0.2121	45
90376K000	10	0.68995098	0.2432	12
40500KA00	5	0.689901854	0.0061	6
09513KB00	14	0.689826959	0.4852	48
10557KB00	60	0.689804145	0.5872	2
19463K000	6	0.68922045	0.3642	161
01707K000	12	0.689114946	0.0648	128
10557KC00	170	0.68909787	0.795	15
40510KE00	17	0.688820477	1.2717	4
05435K000	1	0.688602334	0.2925	145
19476K000	3	0.688380635	0.2897	61
63365K100	4	0.688207	0.0939	677
12567KE00	23	0.687946944	0.4008	21
09547KA10	20	0.687811557	0.0516	8
10557KC00	169	0.687763108	0.7885	15
10579KE00	32	0.687638466	6.1768	34
10557KA00	21	0.686916819	0.397	29
55889KE00	5	0.686809798	0.0086	6
10557KC00	168	0.68647807	0.7878	15
01605K100	3	0.686421103	0.0182	168
19436KB00	59	0.686414874	0.1295	6
19463K000	5	0.686343376	0.3619	161
08528KA00	17	0.686283956	0.0	20
09537KB10	59	0.686283531	0.0313	11
01285K200	9	0.686138395	0.0633	399
55508KA00	16	0.685957391	0.0355	21
33837K100	13	0.685492098	7.5425	98
08480K000	7	0.685335005	0.3292	70
77202K900	17	0.685264348	0.0238	4345
10557KC00	167	0.685153127	0.7863	15
10557KB00	59	0.684665561	0.5804	2
01225K300	9	0.684188735	0.0391	600
06465K100	8	0.683858971	0.1342	319
10557KC00	166	0.683813336	0.7876	15
10598KB00	3	0.68367388	0.2254	28
45503KB00	23	0.683561489	1.1875	8
31815K000	9	0.683150548	6.0E-4	508
19463K000	4	0.682525826	0.3595	161
10557KC00	165	0.682463941	0.7795	15
10579KE00	31	0.682377956	6.1377	34
08977K000	3	0.682076702	0.8246	66
19883K000	4	0.68204254	0.0567	24
44635K000	17	0.681954082	0.0768	534
01825G000	3	0.681772487	0.0141	693
19436KC00	34	0.681290096	0.2083	3
10557KC00	164	0.681129434	0.7791	15
19436KB00	58	0.6810703	0.1234	6
87010K400	7	0.6810018	0.0155	641
06433K000	2	0.680992092	0.0489	173
03313K000	11	0.680821428	0.1591	97
47112K900	5	0.680557209	0.0415	4561
19436KA00	26	0.680511083	0.1869	2
40840K000	11	0.680263158	7.6896	107
55889KC00	6	0.680150247	0.0233	2
10557KC00	163	0.679882906	0.7749	15
55883K000	8	0.67978888	0.0676	31
12567KE00	22	0.679780096	0.382	21
09537KB10	58	0.679528034	0.0285	11
10557KB00	58	0.679375801	0.5599	2
55633K100	1	0.679347028	7.5501	156
19463K000	3	0.679256912	0.3565	161
06492K000	6	0.678571429	0.129	113
08457K000	6	0.678480364	0.0556	76
10557KC00	162	0.678475115	0.7759	15
53615K300	1	0.678220031	0.1219	112
05340K000	3	0.677811822	0.153	154
10557KC00	161	0.677179159	0.7695	15
10579KE00	30	0.677176061	6.0808	34
41737K100	15	0.677142635	0.0027	30
27563KE00	1	0.677016129	7.5516	3
08640K000	1	0.676876424	0.0	175
55508KA00	15	0.67612077	0.0338	21
10579KA00	6	0.675892857	7.5554	19
10557KC00	160	0.675849339	0.7686	15
09513KB00	13	0.675600644	0.4697	48
08988K000	6	0.675589121	0.077	166
19463K000	2	0.67512266	0.3549	161
20518KC00	3	0.674981061	7.627	2
12567KK00	4	0.674917727	0.0234	20
19476K000	2	0.67483509	0.2759	61
03443K000	2	0.674820789	0.0926	149
11485K000	2	0.674742485	0.0238	374
19436KB00	57	0.674690717	0.1144	6
06425K000	2	0.674557266	7.5091	310
10557KC00	159	0.674480965	0.7682	15
10557KB00	57	0.674196464	0.5522	2
09537KB10	57	0.674083569	0.0263	11
09547KA10	19	0.674031223	0.038	8
43547KA00	17	0.673617401	0.6091	7
45503KB00	22	0.673165892	1.16	8
10557KC00	158	0.673132022	0.7672	15
05413K000	8	0.672669133	1.8788	53
40500KA00	4	0.672594889	0.0034	6
55743K000	5	0.672548445	0.026	160
41736K100	4	0.672466931	0.0804	96
10557KA00	20	0.672132086	0.3762	29
27773K000	19	0.671980467	7.5736	2
10579KE00	29	0.671950621	5.9431	34
19463K000	1	0.671889246	0.3616	161
10557KC00	157	0.671821163	0.7603	15
12567KE00	21	0.671473066	0.3766	21
19436KC00	33	0.671204371	0.1942	3
05631KA00	10	0.670953957	0.2704	25
10567KG00	3	0.670931738	7.5656	21
08976K000	1	0.670501514	0.2119	27
10557KC00	156	0.67045325	0.7589	15
33837K100	12	0.670380747	7.5372	98
08429K000	8	0.669892326	0.0725	13
44315K000	7	0.669466256	0.1265	543
10557KC00	155	0.669127983	0.7626	15
10557KB00	56	0.669043638	0.5427	2
30702K000	5	0.668483791	0.0	93
09537KB10	56	0.668449272	0.0226	11
19436KB00	56	0.668442846	0.1049	6
08978K000	6	0.66825166	1.3075	46
19713K000	2	0.667975018	0.1975	45
10557KC00	154	0.667751177	0.7543	15
10527KC00	12	0.667554462	0.3753	52
19436KA00	25	0.667494058	0.1771	2
01302K000	9	0.667465431	0.0464	176
55889KB00	3	0.667302532	0.0171	39
10579KE00	28	0.666598791	5.9103	34
05350K500	2	0.666537808	0.8365	119
10557KC00	153	0.666453781	0.75	15
55508KA00	14	0.666161407	0.0301	21
44655K000	9	0.665926622	0.0292	522
09513KB00	12	0.665786146	0.4403	48
19402K000	2	0.665254591	0.1693	103
45607K000	1	0.665178571	7.5105	15
19882K000	2	0.665178571	7.5082	46
34645K300	1	0.665178571	7.5082	288
43713K000	2	0.665178571	7.5082	50
37800K000	2	0.665178571	0.0	262
10557KC00	152	0.665166072	0.756	15
08528KA00	16	0.664771649	0.0	20
34215K000	6	0.664329031	0.0216	193
33725K200	5	0.664179894	0.1479	311
12413K000	2	0.663965523	0.1832	16
55889KA00	3	0.66393613	0.0118	18
10557KC00	151	0.663788833	0.7457	15
08485K000	4	0.663760408	0.2757	72
10557KB00	55	0.663712593	0.5393	2
09537KB10	55	0.663514183	0.0214	11
12567KE00	20	0.663398449	0.3647	21
08430K000	3	0.663369141	0.0091	21
45503KB00	21	0.662978058	1.1164	8
10433K000	2	0.662925766	0.0335	128
10473K200	4	0.662667128	0.0225	241
19436KB00	55	0.662633714	0.0954	6
02813K000	5	0.662535754	0.618	41
10504KD00	2	0.6625	9.7664	33
10557KC00	150	0.662449314	0.7469	15
45413K000	6	0.661754774	0.4454	20
40510KE00	16	0.661394197	1.1743	4
10579KE00	27	0.66134511	5.6951	34
08473K000	2	0.661185561	0.1347	90
10557KC00	149	0.661091329	0.7434	15
19476K000	1	0.660547111	0.274	61
19436KC00	32	0.660345124	0.1811	3
03313K000	10	0.66032942	0.1232	97
19883K000	3	0.660224689	0.0486	24
05340K000	2	0.660179048	0.115	154
55643K200	5	0.660051216	0.5297	161
10527KC00	11	0.659817139	0.3576	52
10557KC00	148	0.659747305	0.741	15
05402K000	5	0.65969033	0.087	126
14386K000	1	0.659673539	0.2556	26
55508KA00	13	0.658944074	0.027	21
10557KB00	54	0.65862111	0.5278	2
05473K000	7	0.658441558	0.8577	182
10557KC00	147	0.658439959	0.7358	15
01205K200	3	0.658409936	0.0153	392
10557KC00	146	0.657086672	0.7342	15
10557KA00	19	0.65660608	0.3512	29
87312K900	8	0.656591106	0.079	4291
08480K000	6	0.656272707	0.2573	70
10579KE00	26	0.656086223	5.6851	34
10557KC00	145	0.655779172	0.7325	15
10579KA00	5	0.655773271	7.5477	19
09537KB10	54	0.65568154	0.0181	11
19436KB00	54	0.655581455	0.0854	6
19886K000	2	0.655558147	0.0547	36
12567KE00	19	0.655538366	0.3562	21
05641KB00	9	0.65535805	7.6088	12
08457K000	5	0.655287985	0.0473	76
33837K100	11	0.655107759	7.5321	98
05611KA00	6	0.655045268	0.0	27
55606K000	1	0.654774987	0.0445	52
44635K000	16	0.65460223	0.0606	534
10557KC00	144	0.654385111	0.7281	15
63365K000	4	0.654295524	0.1202	680
63312K000	5	0.654277479	0.047	262
19436KA00	24	0.653540875	0.1595	2
10557KB00	53	0.653271119	0.5178	2
27773K000	18	0.653209232	7.5651	2
10557KC00	143	0.653059167	0.7267	15
77202K900	16	0.652655871	0.0192	4345
05413K000	7	0.652609497	1.8092	53
55663K100	3	0.652479698	0.4673	286
43547KA00	16	0.652274206	0.5561	7
45503KB00	20	0.65203443	1.0751	8
09547KA10	18	0.651921203	0.0299	8
10557KC00	142	0.651715231	0.7268	15
08977K000	2	0.651205433	0.7106	66
10527KC00	10	0.650928769	0.3508	52
55508KA00	12	0.650869918	0.0229	21
10579KE00	25	0.650776234	5.6134	34
19436KB00	53	0.650762728	0.0752	6
09513KB00	11	0.650633028	0.4286	48
09537KB10	53	0.650569744	0.0146	11
55849KC00	5	0.650383598	0.1367	11
10557KC00	141	0.650362461	0.7226	15
19436KC00	31	0.649958678	0.1685	3
06475K100	4	0.649787236	0.0319	357
10557KC00	140	0.649030632	0.7235	15
08988K000	5	0.648550488	0.0614	166
10557KB00	52	0.648363119	0.5145	2
40500KA00	3	0.647835025	2.0E-4	6
27583KA00	3	0.647727273	7.5758	4
10557KC00	139	0.647676558	0.7152	15
12567KE00	18	0.6475473	0.3424	21
27473K000	6	0.647493628	7.6079	2
05340K000	1	0.646647546	0.1163	154
10557KC00	138	0.64630052	0.7148	15
90376K000	9	0.645955882	0.2125	12
10579KE00	24	0.645483073	5.6025	34
10598KB00	2	0.645060094	0.1877	28
08567KA00	3	0.64499618	0.3075	6
10557KC00	137	0.644950901	0.7139	15
19713K000	1	0.64492544	0.182	45
40840K000	10	0.644736842	7.6746	107
09537KB10	52	0.644660217	0.0141	11
08528KA00	15	0.644657037	0.0	20
19436KB00	52	0.644512218	0.0667	6
01285K300	11	0.643848255	0.0317	495
10557KC00	136	0.643649508	0.7157	15
05350K500	1	0.64363592	0.8237	119
43057KC00	5	0.643518519	7.6844	15
08978K000	5	0.64286894	1.1572	46
08429K000	7	0.642817816	0.0483	13
10557KB00	51	0.642755563	0.4948	2
10527KC00	9	0.642675211	0.3361	52
44602K000	7	0.642559376	0.011	113
06465K100	7	0.642558001	0.0934	319
55508KA00	11	0.642381496	0.0223	21
10557KC00	135	0.64226026	0.7081	15
12623K000	1	0.64219086	7.6146	22
01707K000	11	0.641603947	0.0496	128
10557KA00	18	0.641243678	0.3259	29
12423K000	3	0.640909091	0.0	12
10557KC00	134	0.6408803	0.7055	15
45503KB00	19	0.640806451	1.0728	8
12567KK00	3	0.64053796	0.0107	20
19436KA00	23	0.640363327	0.1445	2
10579KE00	23	0.640244479	5.4451	34
03313K000	9	0.6399424	0.0892	97
33837K100	10	0.639673132	7.5271	98
05641KB00	8	0.639626714	7.6004	12
10527KA00	3	0.639583839	0.3141	20
10557KC00	133	0.639569418	0.7044	15
11485K000	1	0.639146806	0.017	374
55508KA00	10	0.638818562	0.025	21
30815K300	3	0.638793103	0.0833	184
09513KA00	2	0.638724221	0.0926	22
19436KC00	30	0.638614817	0.1554	3
09537KB10	51	0.638300872	0.0115	11
12567KE00	17	0.638231881	0.3259	21
10557KC00	132	0.638176638	0.7023	15
12413K000	1	0.637961538	0.1763	16
10527KC00	8	0.637651508	0.3181	52
10557KB00	50	0.637524236	0.4908	2
08457K000	4	0.637396929	0.0406	76
19436KB00	51	0.637374628	0.0556	6
72007K000	8	0.637049139	0.0142	83
10557KC00	131	0.636822658	0.6959	15
44693K000	7	0.636655329	0.0	91
01225K300	8	0.6364969	0.0269	600
10557KC00	130	0.635489887	0.6974	15
10579KA00	4	0.635447641	7.5402	19
10447K000	10	0.634958535	0.4123	101
10579KE00	22	0.634888536	5.3591	34
09513KB00	10	0.634712787	0.4102	48
08987K000	4	0.634705882	7.6146	63
27773K000	17	0.634641283	7.5568	2
19883K000	2	0.634389388	0.0404	24
10557KC00	129	0.634114697	0.6957	15
03433K000	7	0.634071741	7.5089	100
40510KE00	15	0.633967917	1.1215	4
10557KC00	128	0.632760717	0.6941	15
08485K000	3	0.632243896	0.2354	72
10557KB00	49	0.632088011	0.485	2
19436KB00	50	0.632037022	0.0457	6
09547KA10	17	0.631837525	0.0203	8
05631KA00	9	0.63181798	0.2252	25
12567KE00	16	0.631593476	0.3279	21
10557KC00	127	0.631398409	0.6897	15
12613K000	2	0.631245888	0.0	25
10567KG00	2	0.631237498	7.5473	21
55508KA00	9	0.631054777	0.0223	21
43547KA00	15	0.630967483	0.5146	7
09537KB10	50	0.630902438	0.0103	11
45503KB00	18	0.630586012	1.0103	8
08480K000	5	0.630520429	0.237	70
10557KC00	126	0.630081965	0.6907	15
05413K000	6	0.62952455	1.6799	53
10579KE00	21	0.629507347	5.2245	34
41737K100	14	0.62943344	5.0E-4	30
10557KC00	125	0.628715355	0.6879	15
10527KC00	7	0.628214618	0.2964	52
90882K000	5	0.627993952	0.0	35
10557KC00	124	0.627369587	0.6829	15
10557KB00	48	0.627155704	0.4703	2
08528KA00	14	0.626758313	0.0	20
09537KB10	49	0.626267957	0.0086	11
01285K200	8	0.626184545	0.046	399
19436KB00	49	0.626177643	0.0358	6
10557KC00	123	0.626023767	0.6757	15
19436KC00	29	0.625957043	0.1449	3
08977K000	1	0.625756582	0.6768	66
05473K000	6	0.625703463	0.7861	182
10557KA00	17	0.625347399	0.3091	29
40820K000	3	0.625	0.0859	22
30715R200	3	0.625	0.0811	214
30705K200	4	0.625	0.0	279
45413K000	5	0.624861494	0.4178	20
19436KA00	22	0.624807151	0.1307	2
01205K200	2	0.624806787	0.0084	392
44635K000	15	0.624806122	0.0439	534
10557KC00	122	0.624649091	0.6805	15
40500KA00	2	0.624563745	1.0E-4	6
33837K100	9	0.624238506	7.5221	98
10579KE00	20	0.624198618	5.154	34
55743K000	4	0.623971681	0.0128	160
05641KB00	7	0.623895378	7.5921	12
09513KB00	9	0.623381718	0.3842	48
10557KC00	121	0.623311402	0.6722	15
77202K900	15	0.622811694	0.0161	4345
05611KF00	3	0.622650807	0.1515	7
31815K000	8	0.622596494	0.0012	508
10557KC00	120	0.621908756	0.6722	15
12567KE00	15	0.621890201	0.3085	21
10557KB00	47	0.621667984	0.464	2
03313K000	8	0.621598571	0.0717	97
55508KA00	8	0.620713025	0.0211	21
10557KC00	119	0.620558862	0.6702	15
06333K000	6	0.620272058	0.0143	196
45503KB00	17	0.619888695	1.001	8
10557KC00	118	0.619261219	0.6701	15
09537KB10	48	0.619119943	0.0068	11
10579KE00	19	0.618849036	5.1195	34
55559KA00	6	0.618709314	0.3574	21
44601K000	2	0.618644068	0.0	252
55883K000	7	0.618390468	0.042	31
19436KB00	48	0.618103906	0.031	6
10557KC00	117	0.61788291	0.6679	15
10527KC00	6	0.616675489	0.2815	52
05653K000	2	0.616666667	7.6265	35
08978K000	4	0.616643273	1.0585	46
10557KC00	116	0.616548861	0.6614	15
02813K000	4	0.61647123	0.5172	41
12223K000	6	0.616470488	0.0229	12
10557KB00	46	0.616442389	0.4546	2
06615K000	3	0.61579034	0.0	476
27773K000	16	0.615490454	7.5487	2
10557KC00	115	0.615166874	0.6583	15
10579KA00	3	0.61512201	7.5327	19
09436K100	6	0.614490107	0.0858	44
55508KA00	7	0.614346609	0.0218	21
12567KE00	14	0.614184768	0.2913	21
01623K000	3	0.613937828	0.1592	65
10557KC00	114	0.613824695	0.6557	15
10579KE00	18	0.61350532	5.0244	34
10527KA00	2	0.612988904	0.3049	20
06433K000	1	0.612794912	0.029	173
01302K000	8	0.612766897	0.0301	176
19436KC00	28	0.612766286	0.1378	3
10557KC00	113	0.61247062	0.6562	15
08457K000	3	0.612049737	0.0318	76
09537KB10	47	0.611910758	0.0064	11
12567KK00	2	0.611398438	0.0169	20
08429K000	6	0.611308525	0.0339	13
19436KA00	21	0.611207072	0.1173	2
10557KB00	45	0.611168268	0.4495	2
10557KC00	112	0.611112631	0.6534	15
10598KB00	1	0.610335834	0.1361	28
43547KA00	14	0.609957436	0.4766	7
03443K000	1	0.609908531	0.0692	149
10557KC00	111	0.609766372	0.6473	15
19883K000	1	0.609712016	0.0342	24
10557KA00	16	0.609623042	0.2862	29
40840K000	9	0.609210526	7.6596	107
05413K000	5	0.609121824	1.5562	53
45503KB00	16	0.60909326	0.955	8
05330K310	12	0.609007782	0.1224	150
33837K100	8	0.608642241	7.5172	98
10557KC00	110	0.608389072	0.6412	15
10598KA00	3	0.608306019	0.2898	28
19436KB00	47	0.608187765	0.025	6
05641KB00	6	0.608164043	7.5837	12
10579KE00	17	0.608159134	4.8791	34
09513KB00	8	0.608153246	0.373	48
08528KA00	13	0.607832573	0.0	20
10527KC00	5	0.607196935	0.265	52
09547KA10	16	0.607153436	0.0161	8
10557KC00	109	0.607031263	0.6443	15
20518KC00	2	0.606587753	7.5857	2
40510KE00	14	0.606541637	1.0415	4
10557KB00	44	0.605888762	0.4428	2
10557KC00	108	0.605666517	0.6432	15
08473K000	1	0.605506336	0.1055	90
55508KA00	6	0.605170918	0.0214	21
08988K000	4	0.605159705	0.0406	166
09537KB10	46	0.605121798	0.0058	11
19402K000	1	0.604465097	0.1386	103
10557KC00	107	0.604332318	0.6389	15
87010K400	6	0.604311594	0.004	641
12567KE00	13	0.604297342	0.2848	21
43027KB00	5	0.603888889	7.538	15
43027KC00	5	0.603888889	7.538	15
10557KC00	106	0.602925595	0.6342	15
05663K000	7	0.602866541	7.5099	31
10579KE00	16	0.602787146	4.8024	34
08485K000	2	0.601993435	0.2093	72
90376K000	8	0.601960784	0.1815	12
09632K100	3	0.601885246	7.5082	65
10557KC00	105	0.601579647	0.6313	15
10557KB00	43	0.600699956	0.4278	2
19436KC00	27	0.60040205	0.1242	3
10447K000	9	0.600344453	0.3343	101
10527KC00	4	0.600308929	0.2603	52
10557KC00	104	0.600210978	0.632	15
40793K000	4	0.6	0.0	73
19436KB00	46	0.599765071	0.0196	6
40500KA00	1	0.599423115	1.0E-4	6
47112K900	4	0.599261396	0.0175	4561
01225K300	7	0.598962832	0.0188	600
77202K900	14	0.598885558	0.0088	4345
10557KC00	103	0.598846058	0.6307	15
44635K000	14	0.598796863	0.0266	534
45503KB00	15	0.598593005	0.9078	8
09537KB10	45	0.598567474	0.0043	11
55508KA00	5	0.598308245	0.0209	21
05402K000	4	0.597924932	0.0515	126
10557KC00	102	0.597481106	0.6268	15
10579KE00	15	0.597456946	4.7146	34
12567KE00	12	0.597153489	0.2714	21
55643K200	4	0.597055058	0.403	161
44315K000	6	0.596847781	0.0769	543
08988K000	3	0.596778947	0.0386	166
01285K300	10	0.596759535	0.0195	495
19436KA00	20	0.59668958	0.1024	2
06465K100	6	0.596604594	0.0541	319
27773K000	15	0.59651179	7.5407	2
10557KC00	101	0.596071812	0.6234	15
08480K000	4	0.595991495	0.2024	70
10557KB00	42	0.595002119	0.4192	2
05330K310	11	0.594934279	0.098	150
09513KB00	7	0.594777369	0.3465	48
10557KC00	100	0.594710606	0.6237	15
10579KA00	2	0.594590336	7.5254	19
10557KA00	15	0.594482466	0.2604	29
03313K000	7	0.593863132	0.0442	97
08457K000	2	0.593591688	0.0359	76
10557KC00	99	0.593342051	0.617	15
05473K000	5	0.592965368	0.7257	182
33837K100	7	0.592884339	7.5126	98
06492K000	5	0.592857143	0.0843	113
10527KC00	3	0.592442812	0.2496	52
05641KB00	5	0.592432707	7.5753	12
08978K000	3	0.592156294	0.9907	46
10579KE00	14	0.592072042	4.7192	34
10557KC00	98	0.591958845	0.6175	15
09537KB10	44	0.591310575	0.0038	11
19436KB00	45	0.591224297	0.0167	6
01205K200	1	0.590943169	0.0056	392
34205K000	3	0.590628307	0.0	259
10557KC00	97	0.590561212	0.6157	15
06425K000	1	0.589908971	7.5086	310
10557KB00	41	0.589855399	0.4087	2
01707K000	10	0.589299005	0.0348	128
10557KC00	96	0.589188836	0.6082	15
52410K000	3	0.588541667	0.0	644
72407K000	3	0.588541667	0.0	64
45503KB00	14	0.588450508	0.9061	8
87312K900	7	0.588124307	0.0504	4291
05413K000	4	0.587893538	1.4642	53
10557KC00	95	0.587787843	0.6127	15
43547KA00	13	0.587688357	0.3962	7
55423K000	3	0.587572383	0.024	269
10567KG00	1	0.587321589	7.5302	21
08528KA00	12	0.587276661	0.0	20
44655K000	8	0.587027174	0.0143	522
10527KA00	1	0.586715364	0.2931	20
10579KE00	13	0.58667479	4.5935	34
55508KA00	4	0.586654697	0.0191	21
19436KC00	26	0.586552846	0.1151	3
01285K200	7	0.586471031	0.0326	399
10557KC00	94	0.586418908	0.6079	15
12567KE00	11	0.586113536	0.2552	21
09547KA10	15	0.586047785	0.012	8
27583KA00	2	0.585324675	7.5451	4
31715K000	4	0.58526455	0.0769	214
01655X000	2	0.585252201	0.208	432
10557KC00	93	0.585046357	0.5997	15
10926K000	6	0.585006461	7.565	63
27473K000	5	0.584536958	7.5714	2
10557KB00	40	0.584231279	0.3977	2
09537KB10	43	0.583990176	0.0034	11
10557KC00	92	0.583656086	0.5984	15
10527KC00	2	0.583608965	0.2607	52
63312K000	4	0.582908646	0.0225	262
10337KB00	3	0.582858039	0.3495	4
10557KC00	91	0.582272898	0.5991	15
09513KB00	6	0.582230043	0.3221	48
05631KA00	8	0.58221446	0.1829	25
41737K100	13	0.581326475	5.0E-4	30
10579KE00	12	0.581258344	4.5649	34
19436KB00	44	0.581100257	0.0153	6
10557KC00	90	0.580903672	0.5913	15
43027KA00	5	0.580067064	7.5093	3
10557KC00	89	0.579509987	0.5932	15
10557KB00	39	0.579154397	0.3886	2
40510KE00	13	0.579115358	0.9304	4
10557KA00	14	0.578268472	0.2448	29
10557KC00	88	0.578123335	0.5946	15
55743K000	3	0.577979482	0.006	160
01302K000	7	0.577906407	0.0203	176
08457K000	1	0.577422145	0.0364	76
27773K000	14	0.577288271	7.5328	2
10557KC00	87	0.576736726	0.5877	15
05641KB00	4	0.576701371	7.567	12
08567KA00	2	0.576649118	0.1953	6
77250K100	2	0.576322534	0.0	737
19436KA00	19	0.576268407	0.092	2
09537KB10	42	0.57620023	0.002	11
45503KB00	13	0.576147735	0.8658	8
33837K100	6	0.575994361	7.509	98
10579KE00	11	0.575858423	4.3914	34
34215K000	5	0.575507904	0.0101	193
10557KC00	86	0.575370619	0.5846	15
55508KA00	3	0.574962503	0.0199	21
08988K000	2	0.57441462	0.0293	166
08429K000	5	0.574271176	0.018	13
05330K310	10	0.57425084	0.0759	150
10527KC00	1	0.574196982	0.2472	52
10557KC00	85	0.573977161	0.5841	15
19436KC00	25	0.573961218	0.1026	3
10579KA00	1	0.573852618	7.5183	19
63472K000	3	0.573826531	0.0	9
40840K000	8	0.573684211	7.6446	107
10557KB00	38	0.573622332	0.3799	2
12567KE00	10	0.573318593	0.2535	21
19436KB00	43	0.572830946	0.0119	6
10557KC00	84	0.572580505	0.5799	15
55733K000	1	0.571947873	7.509	201
77202K900	13	0.571777822	0.0082	4345
45413K000	4	0.571413924	0.3911	20
10557KC00	83	0.571194042	0.5744	15
08528KA00	11	0.570620846	0.0	20
10579KE00	10	0.570406847	4.3443	34
03433K000	6	0.570175883	7.5087	100
03817K000	3	0.569943352	0.004	18
55508KA00	2	0.569932213	0.0196	21
10557KC00	82	0.569814242	0.5706	15
12567KK00	1	0.569761218	0.0065	20
05611KF00	2	0.569567919	0.1252	7
11432K000	2	0.568865945	0.1148	130
10557KC00	81	0.568437713	0.5731	15
10557KB00	37	0.567955616	0.3677	2
09537KB10	41	0.567548124	0.0016	11
03323K000	4	0.567522597	8.0E-4	71
10447K000	8	0.567371167	0.2679	101
10557KC00	80	0.567054545	0.5712	15
43057KC00	4	0.566666667	7.6188	15
72007K000	7	0.566422825	4.0E-4	83
09513KB00	5	0.566285127	0.2882	48
45503KB00	12	0.565955874	0.8151	8
05413K000	3	0.565946629	1.378	53
06475K100	3	0.565805244	0.0213	357
12567KE00	9	0.565749096	0.2513	21
10557KC00	79	0.565710943	0.5709	15
10579KE00	9	0.564948744	4.2001	34
10557KC00	78	0.564297977	0.563	15
31815K000	7	0.563793486	4.0E-4	508
08978K000	2	0.563463111	0.8663	46
44635K000	13	0.563388511	0.0179	534
55663K100	2	0.563338718	0.3483	286
08485K000	1	0.563032503	0.2114	72
10557KC00	77	0.56292777	0.5617	15
63365K100	3	0.56287543	0.0298	677
08480K000	3	0.562870714	0.1592	70
43547KA00	12	0.562832492	0.3695	7
03313K000	6	0.562576019	0.0307	97
10557KB00	36	0.562567837	0.3639	2
10557KA00	13	0.562357023	0.2228	29
19436KB00	42	0.562139137	0.0105	6
09547KA10	14	0.562131652	0.0083	8
10557KC00	76	0.561512254	0.5585	15
31825K000	3	0.561320887	0.0056	558
05641KB00	3	0.560970036	7.5586	12
19436KA00	18	0.560638898	0.0806	2
05473K000	4	0.560227273	0.649	182
10557KC00	75	0.560132323	0.5599	15
19436KC00	24	0.560088127	0.0892	3
55508KA00	1	0.560008797	0.0188	21
09513KA00	1	0.559633248	0.0965	22
10579KE00	8	0.559542704	4.2123	34
10557KC00	74	0.55876189	0.5533	15
09537KB10	40	0.558599759	0.0017	11
05653K000	1	0.558333333	7.5879	35
27773K000	13	0.557976381	7.5251	2
90376K000	7	0.557965686	0.1451	12
08988K000	1	0.55753038	0.0211	166
63702K000	2	0.5575	0.058	354
10557KC00	73	0.557353511	0.5538	15
55883K000	6	0.556992057	0.0208	31
10557KB00	35	0.55690289	0.353	2
63365K000	3	0.556597414	0.0713	680
33812K100	1	0.556221591	7.5082	221
19886K000	1	0.556148289	0.0258	36
10557KC00	72	0.555995477	0.5502	15
33837K100	5	0.555708157	7.5089	98
05633K000	1	0.555612245	7.5879	40
06600K000	2	0.555002205	0.0	53
12567KE00	8	0.554898436	0.2265	21
45503KB00	11	0.554805803	0.7745	8
10557KC00	71	0.5546154	0.5477	15
09537KB10	39	0.554552611	0.0014	11
05402K000	3	0.554541136	0.0328	126
10579KE00	7	0.554055982	4.0418	34
10557KC00	70	0.553105838	0.5435	15
01225K300	6	0.553047031	0.0103	600
02813K000	3	0.552752941	0.3752	41
33725K200	4	0.552010582	0.0649	311
40510KE00	12	0.551689078	0.8451	4
10557KC00	69	0.551587161	0.5443	15
08528KA00	10	0.551527414	0.0	20
44602K000	6	0.551412521	0.0085	113
10557KB00	34	0.551093601	0.346	2
12567KA00	1	0.550970786	0.0071	16
19436KB00	41	0.550631742	0.0087	6
10557KC00	68	0.550096158	0.5439	15
55559KA00	5	0.549164755	0.2166	21
10557KC00	67	0.548602018	0.5398	15
10579KE00	6	0.548594189	3.9856	34
19436KC00	23	0.547624758	0.0769	3
10557KC00	66	0.547083541	0.5356	15
09537KB10	38	0.547019414	0.0011	11
09513KB00	4	0.546919744	0.2879	48
05330K310	9	0.546742806	0.057	150
55889KC00	5	0.546151944	0.0076	2
01285K300	9	0.545975721	0.0082	495
10557KA00	12	0.545664553	0.1982	29
10557KC00	65	0.545595328	0.5343	15
05641KB00	2	0.5452387	7.5502	12
10557KB00	33	0.544712033	0.3387	2
12567KE00	7	0.544397975	0.2163	21
10557KC00	64	0.544091982	0.5298	15
05663K000	6	0.544055451	7.5097	31
45503KB00	10	0.543688081	0.7677	8
31812K000	3	0.542961756	0.0074	188
05350K400	7	0.542681968	0.2018	144
10579KE00	5	0.542626581	3.912	34
10557KC00	63	0.542582684	0.53	15
06465K100	5	0.542222927	0.0208	319
19436KA00	17	0.541200463	0.0691	2
33712K200	3	0.541027	0.0185	113
77202K900	12	0.541000994	0.006	4345
10557KC00	62	0.540950415	0.5253	15
01707K000	9	0.540945396	0.0211	128
55743K000	2	0.540435985	0.0042	160
19436KB00	40	0.539848505	0.0052	6
09537KB10	37	0.539512798	9.0E-4	11
10557KC00	61	0.539359443	0.5221	15
05413K000	2	0.53884491	1.3116	53
27773K000	12	0.538495946	7.5175	2
45413K000	3	0.538350724	0.3845	20
40840K000	7	0.538157895	7.6296	107
10557KB00	32	0.537739203	0.3297	2
10557KC00	60	0.537706577	0.5246	15
12567KB00	1	0.537587309	0.0045	9
20518KC00	1	0.537351641	7.5453	2
44693K000	6	0.537268519	0.0	91
05631KA00	7	0.536714777	0.1227	25
10579KE00	4	0.536276723	3.7968	34
43027KB00	4	0.53625	7.5097	15
43027KC00	4	0.53625	7.5097	15
09547KA10	13	0.536224181	0.0062	8
08429K000	4	0.536180229	0.014	13
10557KC00	59	0.53610643	0.5236	15
55653K110	10	0.536036761	0.3551	157
33837K100	4	0.535421953	7.5088	98
08978K000	1	0.535177597	0.8275	46
03313K000	5	0.534860291	0.0253	97
10926K000	5	0.53473882	7.5371	63
19436KC00	22	0.534629857	0.0682	3
10557KC00	58	0.534462668	0.5236	15
43547KA00	11	0.534403708	0.3135	7
12567KE00	6	0.53409326	0.2074	21
10557KC00	57	0.532721996	0.5163	15
01285K200	6	0.532632992	0.0182	399
41737K100	12	0.532037537	2.0E-4	30
55643K200	3	0.531946223	0.2844	161
06333K000	5	0.531837316	0.0088	196
10557KB00	31	0.531260707	0.3174	2
45503KB00	9	0.531234536	0.7178	8
10557KC00	56	0.530992703	0.5151	15
09537KB10	36	0.530097169	8.0E-4	11
87010K400	5	0.529707517	0.0015	641
05641KB00	1	0.529507364	7.5419	12
19436KB00	39	0.529438098	0.0065	6
10557KC00	55	0.5292349	0.5163	15
10579KE00	3	0.529208652	3.687	34
09513KB00	3	0.528857488	0.2584	48
44635K000	12	0.527925359	0.0094	534
10447K000	7	0.527884086	0.2033	101
05473K000	3	0.527489177	0.5897	182
10557KC00	54	0.527485755	0.5118	15
55849KC00	4	0.527361111	0.0741	11
87312K900	6	0.527322615	0.0326	4291
01302K000	6	0.527239693	0.008	176
08528KA00	9	0.52681269	0.0	20
10557KA00	11	0.526800311	0.1864	29
08480K000	2	0.526435329	0.1114	70
10557KC00	53	0.525758973	0.5107	15
05350K400	6	0.524880522	0.1688	144
12223K000	5	0.524836175	6.0E-4	12
10557KB00	30	0.524514131	0.3111	2
40510KE00	11	0.524262798	0.7713	4
19436KA00	16	0.524104166	0.0601	2
05611KA00	5	0.524036214	0.0	27
10557KC00	52	0.524004256	0.5058	15
09537KB10	35	0.522404966	5.0E-4	11
10579KE00	2	0.522285466	3.6256	34
10557KC00	51	0.522271726	0.508	15
09436K100	5	0.521837958	0.0454	44
27583KA00	1	0.520779221	7.5166	4
12567KE00	5	0.520580051	0.199	21
10557KC00	50	0.520528103	0.5045	15
27473K000	4	0.52017842	7.5363	2
55889KE00	4	0.520138764	0.0024	6
77202K900	11	0.519973784	0.0048	4345
19436KC00	21	0.51958089	0.0567	3
10557KC00	49	0.518773612	0.5086	15
55889KD00	4	0.518773023	0.003	13
05402K000	2	0.518689852	0.0168	126
10557KB00	29	0.517374409	0.3056	2
27773K000	11	0.51737202	7.5117	2
10557KC00	48	0.517038152	0.5035	15
19436KB00	38	0.516480057	0.0041	6
45503KB00	8	0.516254305	0.6895	8
55433K000	1	0.515625	0.0543	266
09547KA10	12	0.515323255	0.0037	8
10557KC00	47	0.515308012	0.5059	15
33837K100	3	0.515135749	7.5086	98
10579KE00	1	0.515106372	3.6652	34
09537KB10	34	0.514132609	7.0E-4	11
90376K000	6	0.513970588	0.1086	12
05611KF00	1	0.513644266	0.0965	7
10598KA00	2	0.513610143	0.1808	28
10557KC00	46	0.513580486	0.5039	15
03492K000	2	0.513540284	0.072	74
30702K000	4	0.513349145	0.0	93
10557KC00	45	0.51182595	0.5033	15
08430K000	2	0.511536356	0.0046	21
55653K110	9	0.51151893	0.302	157
08429K000	3	0.510902732	0.0115	13
12567KE00	4	0.510768478	0.1748	21
05330K310	8	0.510409812	0.0313	150
10557KB00	28	0.510053689	0.298	2
09513KB00	2	0.510026994	0.2679	48
10557KC00	44	0.509959441	0.5048	15
05413K000	1	0.50949466	1.2377	53
10437KA00	2	0.508637566	2.265	4
44315K000	5	0.50862042	0.0478	543
08528KA00	8	0.50850672	0.0	20
10557KC00	43	0.508079889	0.5049	15
06492K000	4	0.507142857	0.041	113
10557KA00	10	0.506845461	0.1654	29
06475K100	2	0.506829128	0.0088	357
47112K900	3	0.506480435	0.0	4561
08987K000	3	0.506470588	7.6146	63
09537KB10	33	0.506464291	5.0E-4	11
44655K000	7	0.506394922	0.0059	522
03433K000	5	0.506280026	7.5084	100
10557KC00	42	0.506255423	0.5045	15
19436KA00	15	0.505941749	0.0498	2
19436KC00	20	0.505929048	0.0461	3
19436KB00	37	0.505879121	0.004	6
43547KA00	10	0.50579732	0.2607	7
10557KC00	41	0.50437572	0.5036	15
45503KB00	7	0.503541236	0.6577	8
33857K100	2	0.503303139	0.0112	131
01225K300	5	0.503242685	0.0027	600
03313K000	4	0.503083641	0.0152	97
10557KB00	27	0.502779309	0.2917	2
40840K000	6	0.502631579	7.6146	107
10557KC00	40	0.502548386	0.5063	15
05350K400	5	0.500894273	0.1163	144
10557KC00	39	0.500632603	0.5024	15
09537KB10	32	0.500011051	5.0E-4	11
31815K000	6	0.499617152	1.0E-4	508
12567KE00	3	0.499076976	0.1843	21
10557KC00	38	0.498768821	0.5058	15
45413K000	2	0.49792159	0.3543	20
43027KA00	4	0.49783876	7.5088	3
34215K000	4	0.497270911	0.0039	193
10557KC00	37	0.496920136	0.5039	15
40510KE00	10	0.496836518	0.6959	4
08480K000	1	0.496368364	0.0977	70
10557KB00	26	0.495668442	0.2788	2
55883K000	5	0.495593645	0.0	31
08567KA00	1	0.495258578	0.1714	6
10557KC00	36	0.495066303	0.5023	15
55743K000	1	0.495015724	0.0087	160
63312K000	3	0.494940996	0.0083	262
33837K100	2	0.494849545	7.5085	98
05473K000	2	0.494751082	0.5429	182
10504KD00	1	0.49375	9.7635	33
19436KB00	36	0.493645832	0.0036	6
19436KC00	19	0.49352937	0.0285	3
01285K300	8	0.493197321	0.0	495
10557KC00	35	0.49317255	0.5063	15
09513KB00	1	0.492773915	0.2617	48
27773K000	10	0.492349106	7.5096	2
10557KC00	34	0.491333396	0.5078	15
44635K000	11	0.4911678	0.0041	534
09537KB10	31	0.490657965	4.0E-4	11
08528KA00	7	0.490315539	0.0	20
55653K110	8	0.489940914	0.2359	157
10447K000	6	0.48967826	0.1277	101
10557KC00	33	0.489457217	0.5079	15
12567KE00	2	0.48902709	0.1932	21
10527KF00	5	0.488635204	0.2629	16
10557KB00	25	0.488476925	0.2747	2
01707K000	8	0.488052042	0.0091	128
10557KC00	32	0.487588544	0.5025	15
45503KB00	6	0.48750152	0.6287	8
19436KA00	14	0.486950502	0.0385	2
43057KC00	3	0.486111111	7.5569	15
10557KC00	31	0.485724744	0.5093	15
10557KA00	9	0.485583619	0.1494	29
05663K000	5	0.485244361	7.5094	31
41737K100	11	0.485042628	2.0E-4	30
09537KB10	30	0.484976525	4.0E-4	11
10557KC00	30	0.483863321	0.507	15
10926K000	4	0.483793886	7.5097	63
05631KA00	6	0.483768004	0.0803	25
77202K900	10	0.483491341	0.0024	4345
05330K310	7	0.483054255	0.0261	150
09547KA10	11	0.482812983	0.0025	8
19436KB00	35	0.482198574	0.0021	6
10557KC00	29	0.482047408	0.5047	15
72007K000	6	0.481406864	0.0	83
10557KB00	24	0.481267675	0.2653	2
10527KG00	2	0.481126436	0.0	37
02813K000	2	0.480857523	0.3166	41
10557KC00	28	0.480135682	0.5048	15
12567KE00	1	0.479423724	0.1861	21
10557KC00	27	0.4782929	0.5108	15
10473K200	3	0.478135115	0.0	241
09537KB10	29	0.476510027	3.0E-4	11
10557KC00	26	0.476428908	0.4987	15
01285K200	5	0.476148624	0.0068	399
19436KC00	18	0.476095087	0.0229	3
06465K100	4	0.475957619	9.0E-4	319
43547KA00	9	0.475533915	0.2251	7
55559KA00	4	0.475141075	0.1136	21
33837K100	1	0.47456334	7.5083	98
10557KC00	25	0.474555686	0.5045	15
01605K100	2	0.474518403	0.0066	168
12613K000	1	0.474166667	0.0	25
08429K000	2	0.474159935	0.0087	13
45503KB00	5	0.474100244	0.5967	8
10557KB00	23	0.473970023	0.2547	2
03313K000	3	0.473374008	0.0163	97
05350K400	4	0.472928023	0.0778	144
10557KC00	24	0.472705522	0.5025	15
55653K200	6	0.472386753	1.4867	159
10337KB00	2	0.47182817	0.1604	4
19436KA00	13	0.471739354	0.0284	2
41736K100	3	0.471706349	0.0157	96
19436KB00	34	0.471146499	0.0028	6
44602K000	5	0.471098794	0.0037	113
90882K000	4	0.470995464	0.0	35
10557KC00	23	0.470823337	0.5049	15
90376K000	5	0.46997549	0.0727	12
08528KA00	6	0.469512905	0.0	20
40510KE00	9	0.469410238	0.607	4
55423K000	2	0.469325775	0.0084	269
10557KC00	22	0.468961699	0.5085	15
09537KB10	28	0.467628203	2.0E-4	11
10557KC00	21	0.467093368	0.51	15
01225K300	4	0.466877322	0.0	600
10557KB00	22	0.466793875	0.2544	2
05402K000	1	0.466418182	0.01	126
87312K900	5	0.465957337	0.014	4291
55643K200	2	0.46578105	0.1849	161
27773K000	9	0.465453831	7.5093	2
10557KC00	20	0.465220755	0.5041	15
10557KA00	8	0.464286691	0.1389	29
09547KA10	10	0.463814889	0.0014	8
10557KC00	19	0.463380965	0.5057	15
55653K110	7	0.462215411	0.1666	157
77202K900	9	0.462145034	0.0022	4345
10557KC00	18	0.461501795	0.5053	15
05473K000	1	0.461255411	0.5238	182
01302K000	5	0.46059573	0.001	176
10557KC00	17	0.459670365	0.5009	15
10557KB00	21	0.459639555	0.24	2
09537KB10	27	0.459639115	2.0E-4	11
19436KB00	33	0.459415168	0.0018	6
45503KB00	4	0.458571978	0.5685	8
10557KC00	16	0.457793277	0.5045	15
55653K200	5	0.45772554	1.3571	159
05623K000	3	0.457269504	7.5098	33
19436KC00	17	0.457195175	0.0174	3
10557KC00	15	0.455918646	0.5074	15
87010K400	4	0.4548934	2.0E-4	641
01623K000	2	0.454679339	0.1003	65
10557KC00	14	0.454050532	0.5025	15
11693K000	1	0.453458995	0.0	183
10557KB00	20	0.452475898	0.2286	2
09537KB10	26	0.452401899	2.0E-4	11
10557KC00	13	0.452180447	0.4969	15
40840K000	5	0.452105263	7.6146	107
44635K000	10	0.451937642	0.0025	534
10447K000	5	0.451902684	0.0569	101
45413K000	1	0.451653009	0.3447	20
55663K100	1	0.451549601	0.2775	286
08528KA00	5	0.451504821	0.0	20
19436KA00	12	0.451354958	0.0181	2
05330K310	6	0.450961145	0.0192	150
06475K100	1	0.450540458	0.0085	357
10557KC00	12	0.450362216	0.5043	15
08429K000	1	0.449490414	0.0105	13
63365K000	2	0.448873259	0.037	680
10557KC00	11	0.448442704	0.5064	15
19436KB00	32	0.446876189	0.0013	6
27473K000	3	0.446785613	7.5103	2
10557KC00	10	0.446603014	0.5031	15
03313K000	2	0.445726952	0.0109	97
10557KB00	19	0.445256968	0.227	2
09537KB10	25	0.444945876	1.0E-4	11
10557KC00	9	0.444725093	0.5055	15
05350K400	3	0.444667504	0.0473	144
30815K300	2	0.444396552	0.0	184
43547KA00	8	0.444105831	0.1743	7
55653K200	4	0.442912507	1.2671	159
10557KC00	8	0.442875069	0.5062	15
10557KA00	7	0.442839999	0.1245	29
03433K000	4	0.442384168	7.5082	100
40510KE00	8	0.441983959	0.5312	4
45503KB00	3	0.44113228	0.5392	8
43027KB00	3	0.441091065	7.509	15
43027KC00	3	0.441091065	7.509	15
10557KC00	7	0.441017002	0.5085	15
08528KA00	4	0.440223581	0.0	20
55653K110	6	0.439260748	0.0997	157
10557KC00	6	0.439135504	0.5096	15
19436KC00	16	0.439042737	0.0114	3
27773K000	8	0.438658492	7.5091	2
44693K000	5	0.438631897	0.0	91
10557KB00	18	0.438028634	0.2139	2
30705K200	3	0.4375	0.0	279
30715R200	2	0.4375	0.0	214
40820K000	2	0.4375	0.0	22
09537KB10	24	0.437395526	0.0	11
10557KC00	5	0.437277386	0.5076	15
06333K000	4	0.436379775	0.0044	196
01225K300	3	0.435624249	0.0	600
10557KC00	4	0.435390892	0.5013	15
41737K100	10	0.434743675	0.0	30
19436KB00	31	0.434567023	0.0016	6
10557KC00	3	0.433534611	0.4998	15
19436KA00	11	0.433288237	0.0065	2
09547KA10	9	0.433259932	2.0E-4	8
01707K000	7	0.433113413	0.0	128
77202K900	8	0.432933441	8.0E-4	4345
10557KC00	2	0.431689366	0.5049	15
09436K100	4	0.431233339	0.0221	44
10557KB00	17	0.430996621	0.2084	2
01285K300	7	0.430475282	0.0	495
10557KC00	1	0.42981073	0.5105	15
55653K200	3	0.429293099	1.2124	159
10527KF00	4	0.428976403	0.1804	16
63312K000	2	0.428148461	0.0102	262
09537KB10	23	0.427472233	0.0	11
05663K000	4	0.426433271	7.5091	31
31815K000	5	0.42622458	0.0	508
45503KB00	2	0.426178732	0.4907	8
01655X000	1	0.426025337	0.1025	432
09632K100	2	0.425942623	7.5082	65
27583KB00	7	0.425743694	7.5093	3
05631KA00	5	0.424660516	0.0471	25
44315K000	4	0.423961182	0.0064	543
10557KB00	16	0.423702206	0.2012	2
41740K000	6	0.423451756	0.0242	75
44655K000	6	0.423379514	0.0041	522
19436KB00	30	0.422345312	8.0E-4	6
08528KA00	3	0.422106164	0.0	20
10557KA00	6	0.422087102	0.1256	29
06492K000	3	0.421428571	0.0	113
09537KB10	22	0.420738247	0.0	11
31715K000	3	0.420535714	0.0113	214
06465K100	3	0.419145536	0.0	319
05330K310	5	0.418455762	0.0132	150
19436KC00	15	0.417596554	0.0064	3
03323K000	3	0.416730442	0.0	71
10557KB00	15	0.416615797	0.1933	2
43027KA00	3	0.415610455	7.5082	3
12223K000	4	0.415037837	0.0	12
40510KE00	7	0.414557679	0.4359	4
01285K200	4	0.414253365	0.0	399
43547KA00	7	0.413040988	0.132	7
77202K900	7	0.412800661	2.0E-4	4345
55889KC00	4	0.412084196	0.0023	2
27773K000	7	0.411839198	7.5089	2
19436KB00	29	0.41134897	8.0E-4	6
55653K200	2	0.411177303	1.0939	159
09537KB10	21	0.411162383	0.0	11
09547KA10	8	0.41112642	2.0E-4	8
45503KB00	1	0.411003197	0.4651	8
03313K000	1	0.410999611	0.0067	97
44635K000	9	0.410476757	0.0012	534
10557KB00	14	0.409282696	0.1905	2
63365K100	2	0.408814597	0.0047	677
34215K000	3	0.408237708	7.0E-4	193
01302K000	4	0.407428548	3.0E-4	176
05350K400	2	0.40720746	0.0316	144
08528KA00	2	0.406241846	0.0	20
19436KA00	10	0.406201727	0.0011	2
10926K000	3	0.405975565	7.509	63
90376K000	4	0.405710122	0.0429	12
55653K110	5	0.404950265	0.0448	157
63702K000	1	0.40375	0.0263	354
09537KB10	20	0.403551195	0.0	11
10557KB00	13	0.402133752	0.1867	2
40840K000	4	0.401578947	7.6146	107
10557KA00	5	0.400459561	0.1228	29
40793K000	3	0.4	0.0	73
19436KB00	28	0.39939496	6.0E-4	6
19436KC00	14	0.398194017	0.0036	3
27583KB00	6	0.396612433	7.509	3
09537KB10	19	0.395415358	0.0	11
55643K200	1	0.395390525	0.0865	161
02813K000	1	0.395219696	0.2092	41
10557KB00	12	0.394883802	0.181	2
72007K000	5	0.394594847	0.0	83
05611KA00	4	0.393027161	0.0	27
87312K900	4	0.392597555	5.0E-4	4291
44602K000	4	0.390821885	0.0015	113
43057KC00	2	0.390555556	7.5101	15
09537KB10	18	0.390008844	0.0	11
01225K300	2	0.389984577	0.0	600
08528KA00	1	0.389496382	0.0	20
06455K100	2	0.388839286	7.5094	357
10557KB00	11	0.387879007	0.1797	2
09547KA10	7	0.387837033	3.0E-4	8
19436KB00	27	0.387673696	6.0E-4	6
01808G200	2	0.3875	0.0	186
40510KE00	6	0.387131399	0.3542	4
10598KA00	1	0.386122282	0.1014	28
41737K100	9	0.386094382	0.0	30
43547KA00	6	0.385505688	0.0862	7
10567KA00	3	0.385457014	0.2991	18
05350K400	1	0.385289981	0.0314	144
27773K000	6	0.385011585	7.5087	2
10447K000	4	0.384715471	0.0103	101
77202K900	6	0.384546842	3.0E-4	4345
05330K310	4	0.383928389	0.0106	150
08430K000	1	0.383718721	0.0	21
63472K000	2	0.38255102	0.0	9
33725K200	3	0.380548942	0.0128	311
10557KB00	10	0.380515061	0.1837	2
09537KB10	17	0.380487965	0.0	11
19436KA00	9	0.380405032	0.0	2
55653K200	1	0.379377731	1.0335	159
10557KA00	4	0.378965848	0.1162	29
03433K000	3	0.378256112	7.5082	100
08987K000	2	0.378235294	7.6146	63
19436KC00	13	0.376400658	0.0025	3
19436KB00	26	0.375555846	4.0E-4	6
10237KC00	2	0.375	0.0	2
43433K000	7	0.374387701	0.0221	147
10557KB00	9	0.37344795	0.1811	2
09537KB10	16	0.373031352	0.0	11
87010K400	3	0.372795319	0.0	641
55849KC00	3	0.372123016	0.0185	11
55883K000	4	0.371695234	0.0	31
01285K300	6	0.37077006	0.0	495
01707K000	6	0.369590606	0.0	128
63312K000	1	0.369320298	0.0051	262
10527KF00	3	0.369317602	0.0861	16
44635K000	8	0.369106576	0.0	534
01285K200	3	0.367990079	0.0	399
05663K000	3	0.36762218	7.5088	31
31815K000	4	0.367541802	0.0	508
27583KB00	5	0.367377448	7.5087	3
09537KB10	15	0.367346897	0.0	11
10557KB00	8	0.366145553	0.1823	2
07815K100	2	0.364199735	0.0	816
19436KB00	25	0.363524783	3.0E-4	6
03817K000	2	0.362489411	7.0E-4	18
19436KA00	8	0.36148776	0.0	2
40510KE00	5	0.359705119	0.2654	4
09547KA10	6	0.359225347	0.0	8
10557KB00	7	0.358886456	0.1831	2
09537KB10	14	0.358831277	0.0	11
30702K000	3	0.358214498	0.0	93
27773K000	5	0.358114563	7.5084	2
10557KA00	3	0.357392909	0.1063	29
05631KA00	4	0.35593917	0.0078	25
06465K100	2	0.355854048	0.0	319
77202K900	5	0.355205138	2.0E-4	4345
47112K900	2	0.35432029	0.0	4561
06600K000	1	0.354166667	0.0	53
05623K000	2	0.353634752	7.509	33
55559KA00	3	0.353010717	0.0213	21
06333K000	3	0.352051044	0.0024	196
10557KB00	6	0.351640018	0.1816	2
19436KC00	12	0.351418142	9.0E-4	3
08979K000	3	0.351126126	7.5082	33
19436KB00	24	0.351088277	3.0E-4	6
40840K000	3	0.351052632	7.6146	107
09537KB10	13	0.350467325	0.0	11
27473K000	2	0.348392807	7.5092	2
55889KD00	3	0.348173418	0.0	13
09537KB10	12	0.347399273	0.0	11
01302K000	3	0.347082309	2.0E-4	176
01825G000	2	0.347070106	0.0	693
31825K000	2	0.346530111	0.0018	558
43027KB00	2	0.345932131	7.5082	15
43027KC00	2	0.345932131	7.5082	15
05330K310	3	0.345568672	0.0041	150
55889KE00	3	0.344740878	0.0	6
10557KB00	5	0.34433283	0.1782	2
31812K000	2	0.343883089	2.0E-4	188
01225K300	1	0.343846966	0.0	600
63365K000	1	0.343820517	0.0283	680
90376K000	3	0.341444754	0.015	12
09537KB10	11	0.341263446	0.0	11
55653K110	4	0.341244787	0.0117	157
43547KA00	5	0.341161984	0.051	7
44693K000	4	0.340118103	0.0	91
41740K000	5	0.339591273	0.0061	75
44655K000	5	0.339557226	6.0E-4	522
19436KB00	23	0.33877423	2.0E-4	6
41737K100	8	0.338756503	0.0	30
34215K000	2	0.338546593	0.0	193
09537KB10	10	0.338396089	0.0	11
27583KB00	4	0.338169517	7.5085	3
10557KB00	4	0.337105585	0.172	2
34205K000	2	0.3359375	0.0	259
10557KA00	2	0.335794673	0.0986	29
55889KA00	2	0.333065949	0.0	18
43027KA00	2	0.332805228	7.5082	3
09547KA10	5	0.332612266	0.0	8
55889KB00	2	0.332457483	0.0	39
40510KE00	4	0.332278839	0.1838	4
09537KB10	9	0.332199445	0.0	11
77250K100	1	0.332020308	0.0	737
27773K000	4	0.331303297	7.5082	2
43433K000	6	0.329886057	0.0115	147
10557KB00	3	0.329845696	0.1729	2
44635K000	7	0.329468254	0.0	534
19436KC00	11	0.329394401	1.0E-4	3
10926K000	2	0.328521455	7.5082	63
10433K000	1	0.326996233	0.0049	128
19436KB00	22	0.326523951	2.0E-4	6
09537KB10	8	0.32631139	0.0	11
01622K000	1	0.325	9.7606	70
10504KA00	1	0.325	9.7606	12
10504KB00	1	0.325	9.7606	21
77202K900	4	0.324323337	0.0	4345
01285K200	2	0.323465984	0.0	399
10557KB00	2	0.322628007	0.1676	2
09547KA10	4	0.321690067	0.0	8
12423K000	2	0.320454545	0.0	12
87312K900	3	0.319774117	2.0E-4	4291
09537KB10	7	0.31908652	0.0	11
55423K000	1	0.318399941	0.0026	269
09436K100	3	0.317312493	0.0101	44
19436KA00	7	0.316360429	0.0	2
10557KB00	1	0.315394658	0.1646	2
19436KB00	21	0.315167816	1.0E-4	6
09537KB10	6	0.314408828	0.0	11
03433K000	2	0.314128056	7.5082	100
10557KA00	1	0.314014719	0.0859	29
90882K000	3	0.313996976	0.0	35
10337KB00	1	0.312382926	0.0472	4
11432K000	1	0.312288578	0.0402	130
05330K310	2	0.309962808	0.0034	150
01285K300	5	0.30994239	0.0	495
10527KF00	2	0.309658801	0.0	16
44601K000	1	0.309322034	0.0	252
72007K000	4	0.309298483	0.0	83
27583KB00	3	0.308959323	7.5082	3
05663K000	2	0.30881109	7.5085	31
09537KB10	5	0.308452298	0.0	11
44315K000	3	0.307989112	0.0	543
06615K000	2	0.30789517	0.0	476
01302K000	2	0.307416766	2.0E-4	176
19436KC00	10	0.30697328	0.0	3
77202K900	3	0.306601673	0.0	4345
40510KE00	3	0.30485256	0.0909	4
27773K000	3	0.304199242	7.5082	2
31815K000	3	0.303702279	0.0	508
09537KB10	4	0.303508309	0.0	11
12223K000	3	0.30305653	0.0	12
01707K000	5	0.302321578	0.0	128
19436KB00	20	0.301571993	0.0	6
08979K000	2	0.300563063	7.5082	33
40840K000	2	0.300526316	7.6146	107
43547KA00	4	0.299800068	0.0111	7
09547KA10	3	0.299068273	0.0	8
44602K000	3	0.298613209	0.0	113
09537KB10	3	0.296886846	0.0	11
52410K000	2	0.294270833	0.0	644
72407K000	2	0.294270833	0.0	64
87010K400	2	0.294041166	1.0E-4	641
09537KB10	2	0.292179194	0.0	11
19436KB00	19	0.291420147	0.0	6
44635K000	6	0.29010582	0.0	534
41737K100	7	0.289737784	0.0	30
05330K310	1	0.288091494	0.0017	150
63365K100	1	0.287799807	0.0053	677
09537KB10	1	0.284730328	0.0	11
19436KC00	9	0.284650249	0.0	3
10447K000	3	0.284035583	0.0014	101
09547KA10	2	0.281785191	0.0	8
77202K900	2	0.281229644	0.0	4345
43433K000	5	0.280743301	0.0024	147
06333K000	2	0.279740962	0.0012	196
27583KB00	2	0.279490166	7.5082	3
19436KB00	18	0.278321727	0.0	6
40510KE00	2	0.27742628	0.0	4
90376K000	2	0.277179385	0.0	12
27773K000	2	0.277097639	7.5082	2
55889KC00	3	0.276042242	0.0	2
03492K000	1	0.273548393	0.0241	74
19436KA00	6	0.271273208	0.0	2
34215K000	1	0.269856819	0.0	193
10473K200	2	0.26869868	0.0	241
33712K200	2	0.267166939	0.0	113
19436KB00	17	0.26494384	0.0	6
05631KA00	3	0.264747586	0.0	25
19436KC00	8	0.264398474	0.0	3
01285K200	1	0.262999204	0.0	399
09547KA10	1	0.262523461	0.0	8
05611KA00	3	0.262018107	0.0	27
77202K900	1	0.259357829	1.0E-4	4345
41740K000	4	0.25905678	0.0012	75
44655K000	4	0.256513158	0.0	522
55653K110	3	0.254176214	6.0E-4	157
19436KB00	16	0.253224837	0.0	6
44635K000	5	0.251285714	0.0	534
01285K300	4	0.250433691	0.0	495
09632K100	1	0.25	7.5082	65
30705K200	2	0.25	0.0	279
40702K000	1	0.25	0.0	90
40795K000	1	0.25	0.0	212
55883K000	3	0.247796823	0.0	31
19436KC00	7	0.243670332	0.0	3
44693K000	3	0.242857143	0.0	91
41737K100	6	0.242734372	0.0	30
41736K100	2	0.240800265	0.0	96
19436KB00	15	0.240620309	0.0	6
87010K400	1	0.239268002	4.0E-4	641
01707K000	4	0.237698997	0.0	128
01302K000	1	0.236647994	1.0E-4	176
06465K100	1	0.234291545	0.0	319
01623K000	1	0.233412801	0.0427	65
01605K100	1	0.229908762	0.0012	168
87312K900	2	0.229422123	0.0	4291
19436KB00	14	0.228701998	0.0	6
33857K100	1	0.228399051	0.0	131
19436KC00	6	0.228210902	0.0	3
19436KA00	5	0.22569375	0.0	2
43547KA00	3	0.225299268	0.0	7
72007K000	3	0.224417684	0.0	83
31815K000	2	0.224285448	0.0	508
43433K000	4	0.220389702	0.0	147
19436KB00	13	0.217241836	0.0	6
31715K000	2	0.216044974	0.0	214
44602K000	2	0.21585485	0.0	113
09436K100	2	0.214903191	0.0018	44
06492K000	2	0.210714286	0.0	113
03323K000	2	0.208365221	0.0	71
19436KB00	12	0.204811276	0.0	6
30702K000	2	0.203079852	0.0	93
47112K900	1	0.202160145	0.0	4561
06333K000	1	0.20193415	4.0E-4	196
40793K000	2	0.2	0.0	73
44315K000	2	0.195542175	0.0	543
41737K100	5	0.193880997	0.0	30
19436KB00	11	0.193739423	0.0	6
33725K200	2	0.192777778	0.0	311
10567KA00	2	0.192740441	0.1487	18
63472K000	1	0.19127551	0.0	9
19436KC00	5	0.19021125	0.0	3
03817K000	1	0.18893663	0.0	18
44635K000	4	0.188464286	0.0	534
55849KC00	2	0.184874339	0.0	11
55559KA00	2	0.18470311	0.0012	21
10447K000	2	0.183135287	7.0E-4	101
19436KB00	10	0.182614365	0.0	6
31812K000	1	0.180985571	0.0	188
19436KA00	4	0.180768107	0.0	2
01707K000	3	0.174764814	0.0	128
10527KM00	2	0.174613202	0.0	10
19436KB00	9	0.173549164	0.0	6
05631KA00	2	0.173109573	0.0	25
41740K000	3	0.172056954	0.0	75
55889KD00	2	0.170467331	0.0	13
44655K000	3	0.170327555	0.0	522
55889KE00	2	0.169098283	0.0	6
55653K110	2	0.167911212	0.0	157
01285K300	3	0.166955794	0.0	495
31815K000	1	0.163519688	0.0	508
43433K000	3	0.158713282	0.0	147
90882K000	2	0.156998488	0.0	35
19436KB00	8	0.154258633	0.0	6
43547KA00	2	0.153576997	0.0	7
19436KC00	4	0.152033299	0.0	3
87312K900	1	0.151791015	1.0E-4	4291
12223K000	2	0.151528265	0.0	12
44602K000	1	0.14968374	0.0	113
41737K100	4	0.144860389	0.0	30
55889KC00	2	0.138670922	0.0	2
90376K000	1	0.138589693	0.0	12
19436KA00	3	0.135384381	0.0	2
19436KB00	7	0.135084766	0.0	6
05611KA00	2	0.131009054	0.0	27
31825K000	1	0.128988992	0.0	558
44635K000	3	0.125642857	0.0	534
55883K000	2	0.123898411	0.0	31
44693K000	2	0.121428571	0.0	91
10567KC00	3	0.119899878	0.0	35
09436K100	1	0.119641008	8.0E-4	44
19436KB00	6	0.115491434	0.0	6
19436KC00	3	0.113956373	0.0	3
72007K000	2	0.112208842	0.0	83
43433K000	2	0.097196341	0.0	147
19436KB00	5	0.096474373	0.0	6
41737K100	3	0.095413665	0.0	30
19436KA00	2	0.090304033	0.0	2
41740K000	2	0.087421827	0.0	75
01707K000	2	0.087382407	0.0	128
44655K000	2	0.084754827	0.0	522
01285K300	2	0.083477897	0.0	495
19436KB00	4	0.07704728	0.0	6
19436KC00	2	0.075963639	0.0	3
44635K000	2	0.062821429	0.0	534
30705K200	1	0.0625	0.0	279
10567KC00	2	0.060335083	0.0	35
19436KB00	3	0.057772723	0.0	6
41737K100	2	0.048465053	0.0	30
30702K000	1	0.047945205	0.0	93
19436KA00	1	0.044897358	0.0	2
19436KB00	2	0.038518306	0.0	6
19436KC00	1	0.03793954	0.0	3
19436KB00	1	0.019158082	0.0	6
